YEAR,MONTH,DAY,HOUR,MINUTE,SECOND,MICROSECOND,body_x,body_y,tail_x,tail_y,head_x,head_y
2020,11,20,22,42,25,208997,131,358,155,355,120,363
2020,11,20,22,42,25,232422,131,358,155,356,120,363
2020,11,20,22,42,25,261096,131,358,155,357,120,363
2020,11,20,22,42,25,301847,131,358,155,357,120,363
2020,11,20,22,42,25,334221,131,358,155,357,120,363
2020,11,20,22,42,25,363058,132,358,155,357,120,363
2020,11,20,22,42,25,406753,132,358,155,357,120,363
2020,11,20,22,42,25,437269,132,358,155,357,120,363
2020,11,20,22,42,25,468043,131,358,155,357,120,363
2020,11,20,22,42,25,496109,131,358,155,357,120,363
2020,11,20,22,42,25,536858,131,358,155,357,120,363
2020,11,20,22,42,25,567417,131,358,155,357,120,363
2020,11,20,22,42,25,597838,132,357,156,358,120,363
2020,11,20,22,42,25,630892,133,357,154,360,120,363
2020,11,20,22,42,25,678098,133,358,155,356,120,364
2020,11,20,22,42,25,708121,131,358,155,356,120,364
2020,11,20,22,42,25,738475,132,357,154,359,120,364
2020,11,20,22,42,25,779075,131,358,155,356,120,364
2020,11,20,22,42,25,810643,131,358,154,356,120,364
2020,11,20,22,42,25,840868,132,359,154,355,120,364
2020,11,20,22,42,25,871358,132,359,153,356,120,364
2020,11,20,22,42,25,911055,132,359,154,356,120,364
2020,11,20,22,42,25,941891,132,359,154,356,120,364
2020,11,20,22,42,25,972488,132,359,153,356,120,364
2020,11,20,22,42,25,997020,132,359,153,355,120,364
2020,11,20,22,42,26,35705,132,359,153,355,120,364
2020,11,20,22,42,26,68991,132,359,153,355,119,360
2020,11,20,22,42,26,99276,132,359,153,355,119,362
2020,11,20,22,42,26,140470,132,359,152,355,119,363
2020,11,20,22,42,26,170757,132,359,153,355,119,363
2020,11,20,22,42,26,199902,132,358,153,354,119,362
2020,11,20,22,42,26,238266,132,359,152,353,119,363
2020,11,20,22,42,26,278908,132,359,152,353,119,363
2020,11,20,22,42,26,308924,132,358,152,353,119,363
2020,11,20,22,42,26,338264,132,358,151,352,119,364
2020,11,20,22,42,26,370604,132,359,151,352,119,364
2020,11,20,22,42,26,409805,132,359,150,351,119,364
2020,11,20,22,42,26,440431,131,359,151,353,119,364
2020,11,20,22,42,26,471119,131,359,151,353,119,365
2020,11,20,22,42,26,510272,131,359,151,353,119,365
2020,11,20,22,42,26,533126,132,358,150,352,119,365
2020,11,20,22,42,26,573652,131,359,150,351,119,365
2020,11,20,22,42,26,602919,131,358,151,353,119,364
2020,11,20,22,42,26,643739,132,358,150,352,119,365
2020,11,20,22,42,26,675142,132,358,150,354,119,365
2020,11,20,22,42,26,705195,132,358,150,354,119,365
2020,11,20,22,42,26,746068,130,359,150,354,119,365
2020,11,20,22,42,26,776262,132,359,151,358,119,364
2020,11,20,22,42,26,806770,134,359,149,364,119,358
2020,11,20,22,42,26,837889,134,359,146,370,121,354
2020,11,20,22,42,26,878614,132,359,146,370,123,350
2020,11,20,22,42,26,909097,131,358,146,370,121,352
2020,11,20,22,42,26,939323,130,358,147,370,121,351
2020,11,20,22,42,26,969651,130,357,144,370,124,347
2020,11,20,22,42,27,12104,131,356,145,370,121,349
2020,11,20,22,42,27,41985,131,356,143,371,124,347
2020,11,20,22,42,27,72414,131,356,141,372,123,347
2020,11,20,22,42,27,112025,131,356,141,372,123,347
2020,11,20,22,42,27,144579,131,356,143,372,122,347
2020,11,20,22,42,27,167236,130,355,139,375,126,345
2020,11,20,22,42,27,197258,130,355,139,373,124,346
2020,11,20,22,42,27,236510,131,355,139,373,125,345
2020,11,20,22,42,27,266427,131,355,140,374,124,346
2020,11,20,22,42,27,299887,131,355,140,374,124,346
2020,11,20,22,42,27,340350,131,356,138,374,127,345
2020,11,20,22,42,27,370676,133,357,137,373,126,345
2020,11,20,22,42,27,401232,132,355,137,374,127,344
2020,11,20,22,42,27,431698,131,355,137,374,125,345
2020,11,20,22,42,27,472449,132,355,130,373,141,345
2020,11,20,22,42,27,502839,132,355,130,373,141,345
2020,11,20,22,42,27,533061,133,355,135,373,125,344
2020,11,20,22,42,27,563785,133,354,141,372,125,345
2020,11,20,22,42,27,604331,133,355,141,371,125,346
2020,11,20,22,42,27,635378,133,354,140,371,126,345
2020,11,20,22,42,27,665825,132,354,134,373,137,343
2020,11,20,22,42,27,711803,132,354,134,373,126,344
2020,11,20,22,42,27,742823,133,356,129,371,140,344
2020,11,20,22,42,27,773344,132,352,135,371,132,341
2020,11,20,22,42,27,803581,132,352,136,371,132,341
2020,11,20,22,42,27,844149,132,353,139,370,126,343
2020,11,20,22,42,27,875256,132,354,138,371,126,343
2020,11,20,22,42,27,905809,132,354,138,371,126,343
2020,11,20,22,42,27,946646,129,355,142,370,153,351
2020,11,20,22,42,27,977234,130,355,142,370,153,351
2020,11,20,22,42,28,6856,130,355,142,370,153,351
2020,11,20,22,42,28,38567,131,355,143,370,153,351
2020,11,20,22,42,28,78939,130,356,153,354,118,361
2020,11,20,22,42,28,109476,130,356,153,354,118,361
2020,11,20,22,42,28,139430,131,356,152,354,118,361
2020,11,20,22,42,28,171044,130,356,152,357,118,361
2020,11,20,22,42,28,202906,131,355,152,361,118,354
2020,11,20,22,42,28,243278,130,356,151,360,118,354
2020,11,20,22,42,28,273225,131,355,149,363,118,354
2020,11,20,22,42,28,312917,131,355,149,363,118,354
2020,11,20,22,42,28,343738,131,355,150,363,118,354
2020,11,20,22,42,28,367437,131,356,148,364,118,354
2020,11,20,22,42,28,395941,131,356,148,364,118,355
2020,11,20,22,42,28,436640,131,356,148,364,118,354
2020,11,20,22,42,28,467420,131,355,148,365,118,354
2020,11,20,22,42,28,507461,131,355,148,365,118,354
2020,11,20,22,42,28,535441,131,357,149,361,118,354
2020,11,20,22,42,28,569604,130,356,150,360,118,354
2020,11,20,22,42,28,600007,130,357,150,361,118,354
2020,11,20,22,42,28,633021,130,357,153,361,118,354
2020,11,20,22,42,28,679303,130,357,151,362,118,354
2020,11,20,22,42,28,709525,130,357,151,362,118,354
2020,11,20,22,42,28,740324,131,356,151,362,118,354
2020,11,20,22,42,28,770929,131,356,152,361,118,354
2020,11,20,22,42,28,811280,130,356,152,361,118,354
2020,11,20,22,42,28,842027,131,356,153,360,118,354
2020,11,20,22,42,28,866287,130,356,153,360,118,355
2020,11,20,22,42,28,894669,130,356,153,360,118,354
2020,11,20,22,42,28,935300,131,356,152,360,118,355
2020,11,20,22,42,28,968699,131,356,153,360,118,355
2020,11,20,22,42,29,256,131,356,153,361,118,355
2020,11,20,22,42,29,46098,131,356,153,361,118,355
2020,11,20,22,42,29,68425,131,356,153,360,118,355
2020,11,20,22,42,29,98783,131,356,153,360,118,355
2020,11,20,22,42,29,129535,131,356,153,360,118,355
2020,11,20,22,42,29,170032,131,356,153,358,118,355
2020,11,20,22,42,29,203468,131,356,152,359,118,355
2020,11,20,22,42,29,235830,131,357,152,361,118,355
2020,11,20,22,42,29,272931,131,358,152,360,118,355
2020,11,20,22,42,29,312503,131,358,152,360,118,355
2020,11,20,22,42,29,342902,130,357,150,360,118,355
2020,11,20,22,42,29,373154,131,356,151,359,118,355
2020,11,20,22,42,29,403195,131,356,151,359,118,355
2020,11,20,22,42,29,444058,131,356,151,359,118,355
2020,11,20,22,42,29,474758,131,356,151,357,118,360
2020,11,20,22,42,29,505312,131,356,150,359,118,355
2020,11,20,22,42,29,547874,131,357,151,355,118,360
2020,11,20,22,42,29,577527,131,357,150,354,118,361
2020,11,20,22,42,29,607399,130,358,149,357,117,356
2020,11,20,22,42,29,638308,130,358,148,354,117,361
2020,11,20,22,42,29,678553,130,358,149,354,117,361
2020,11,20,22,42,29,709563,130,358,149,354,117,361
2020,11,20,22,42,29,739780,130,358,150,356,117,361
2020,11,20,22,42,29,771027,130,357,152,357,117,356
2020,11,20,22,42,29,810301,130,357,150,355,117,357
2020,11,20,22,42,29,841788,129,357,152,359,117,356
2020,11,20,22,42,29,871945,129,357,152,355,117,357
2020,11,20,22,42,29,912011,130,357,152,355,117,357
2020,11,20,22,42,29,943133,129,358,150,352,118,362
2020,11,20,22,42,29,973456,129,358,145,348,118,363
2020,11,20,22,42,30,4292,129,358,139,344,118,365
2020,11,20,22,42,30,44570,134,358,121,366,140,345
2020,11,20,22,42,30,76011,134,360,139,345,127,371
2020,11,20,22,42,30,106088,134,360,139,345,127,371
2020,11,20,22,42,30,137373,133,360,140,346,127,371
2020,11,20,22,42,30,177913,133,361,140,346,127,371
2020,11,20,22,42,30,203468,134,360,139,345,127,371
2020,11,20,22,42,30,230619,132,360,139,345,126,370
2020,11,20,22,42,30,280000,133,359,138,344,124,369
2020,11,20,22,42,30,309131,133,358,138,344,126,370
2020,11,20,22,42,30,338219,133,360,138,345,126,370
2020,11,20,22,42,30,362347,133,360,138,345,128,371
2020,11,20,22,42,30,403448,132,360,138,345,119,366
2020,11,20,22,42,30,440997,133,360,139,345,128,371
2020,11,20,22,42,30,472194,133,360,138,345,131,372
2020,11,20,22,42,30,512710,134,361,138,345,131,372
2020,11,20,22,42,30,543203,135,362,140,346,134,373
2020,11,20,22,42,30,565975,134,362,140,346,121,371
2020,11,20,22,42,30,600585,134,362,140,346,125,371
2020,11,20,22,42,30,635939,134,361,140,345,132,372
2020,11,20,22,42,30,667512,133,360,140,346,134,372
2020,11,20,22,42,30,697407,133,360,140,345,133,372
2020,11,20,22,42,30,736546,134,361,140,346,119,365
2020,11,20,22,42,30,777406,134,361,117,370,140,346
2020,11,20,22,42,30,807108,133,360,140,345,118,366
2020,11,20,22,42,30,831899,134,360,140,345,119,365
2020,11,20,22,42,30,870830,134,360,117,364,146,353
2020,11,20,22,42,30,908925,134,360,117,364,146,353
2020,11,20,22,42,30,940425,134,360,116,366,146,353
2020,11,20,22,42,30,971072,134,360,140,345,119,366
2020,11,20,22,42,31,11234,134,361,140,345,118,367
2020,11,20,22,42,31,42065,134,361,139,345,117,366
2020,11,20,22,42,31,73620,136,361,140,344,127,371
2020,11,20,22,42,31,103407,136,361,140,344,128,371
2020,11,20,22,42,31,143652,134,360,140,343,127,370
2020,11,20,22,42,31,167069,134,360,140,344,125,369
2020,11,20,22,42,31,198748,134,360,120,365,147,353
2020,11,20,22,42,31,238319,138,361,120,366,140,344
2020,11,20,22,42,31,267275,138,361,140,344,121,369
2020,11,20,22,42,31,297901,138,361,140,344,121,369
2020,11,20,22,42,31,339186,138,361,120,369,140,344
2020,11,20,22,42,31,377682,136,362,139,344,124,374
2020,11,20,22,42,31,407912,136,362,121,371,148,356
2020,11,20,22,42,31,434693,138,361,121,371,147,354
2020,11,20,22,42,31,470557,138,362,122,372,147,354
2020,11,20,22,42,31,504571,138,362,122,372,147,354
2020,11,20,22,42,31,534697,139,361,122,372,150,359
2020,11,20,22,42,31,571095,138,362,120,368,149,359
2020,11,20,22,42,31,613052,139,361,122,372,150,359
2020,11,20,22,42,31,641797,138,362,133,343,122,371
2020,11,20,22,42,31,673000,139,362,133,343,147,370
2020,11,20,22,42,31,695269,139,362,133,343,146,371
2020,11,20,22,42,31,739530,137,362,133,343,147,371
2020,11,20,22,42,31,767196,139,363,133,343,144,373
2020,11,20,22,42,31,796920,138,362,133,343,144,374
2020,11,20,22,42,31,839306,139,362,124,353,148,370
2020,11,20,22,42,31,868275,138,361,125,351,144,374
2020,11,20,22,42,31,901197,138,361,125,351,143,375
2020,11,20,22,42,31,937460,138,362,124,353,146,371
2020,11,20,22,42,31,970168,138,362,124,353,147,371
2020,11,20,22,42,32,1170,139,363,125,352,145,374
2020,11,20,22,42,32,31072,139,363,125,353,148,371
2020,11,20,22,42,32,70069,139,362,125,353,148,371
2020,11,20,22,42,32,111398,139,363,125,353,147,372
2020,11,20,22,42,32,143337,139,361,126,351,145,374
2020,11,20,22,42,32,164720,139,361,126,351,145,374
2020,11,20,22,42,32,206039,136,360,123,341,141,372
2020,11,20,22,42,32,235767,136,359,121,341,141,370
2020,11,20,22,42,32,265231,136,361,131,341,123,372
2020,11,20,22,42,32,306045,136,362,131,341,123,372
2020,11,20,22,42,32,345499,136,362,131,341,122,372
2020,11,20,22,42,32,375720,136,362,131,341,122,372
2020,11,20,22,42,32,404727,136,362,122,343,141,373
2020,11,20,22,42,32,430098,135,362,121,342,141,373
2020,11,20,22,42,32,469479,135,361,131,341,136,375
2020,11,20,22,42,32,500819,135,361,131,341,136,375
2020,11,20,22,42,32,530734,135,361,131,341,136,375
2020,11,20,22,42,32,580083,135,361,131,341,122,372
2020,11,20,22,42,32,604504,135,361,131,341,136,375
2020,11,20,22,42,32,632297,135,361,131,341,136,375
2020,11,20,22,42,32,665586,135,361,131,341,136,375
2020,11,20,22,42,32,703899,135,362,131,341,136,375
2020,11,20,22,42,32,737490,135,362,131,341,136,375
2020,11,20,22,42,32,773354,135,362,130,341,136,375
2020,11,20,22,42,32,803365,135,362,131,334,123,373
2020,11,20,22,42,32,842818,135,361,131,333,123,372
2020,11,20,22,42,32,866968,134,360,132,334,122,372
2020,11,20,22,42,32,898664,134,360,132,334,122,372
2020,11,20,22,42,32,939081,138,357,155,341,122,370
2020,11,20,22,42,32,968407,138,357,154,340,121,369
2020,11,20,22,42,33,15,137,358,156,341,122,370
2020,11,20,22,42,33,29819,138,356,158,339,121,369
2020,11,20,22,42,33,79433,138,354,159,337,122,370
2020,11,20,22,42,33,104323,138,354,160,339,121,369
2020,11,20,22,42,33,131249,139,353,159,336,121,369
2020,11,20,22,42,33,164978,140,353,156,334,121,368
2020,11,20,22,42,33,205655,141,354,122,369,156,338
2020,11,20,22,42,33,235099,139,357,153,340,122,369
2020,11,20,22,42,33,274382,140,356,122,369,153,344
2020,11,20,22,42,33,298571,140,356,122,369,153,344
2020,11,20,22,42,33,339073,139,357,121,368,150,343
2020,11,20,22,42,33,369691,140,357,121,368,150,344
2020,11,20,22,42,33,405563,140,357,122,368,152,346
2020,11,20,22,42,33,436538,140,359,122,367,156,354
2020,11,20,22,42,33,468664,146,355,122,367,160,351
2020,11,20,22,42,33,499045,146,355,122,367,160,351
2020,11,20,22,42,33,532794,138,358,163,348,122,367
2020,11,20,22,42,33,573460,139,357,165,345,123,367
2020,11,20,22,42,33,605255,139,357,166,340,128,370
2020,11,20,22,42,33,634583,142,354,167,335,123,368
2020,11,20,22,42,33,665167,143,353,167,333,135,364
2020,11,20,22,42,33,705551,143,353,167,333,135,364
2020,11,20,22,42,33,736554,143,352,161,331,123,369
2020,11,20,22,42,33,767261,138,348,126,313,125,370
2020,11,20,22,42,33,797677,133,338,125,304,135,358
2020,11,20,22,42,33,838453,132,327,131,363,124,298
2020,11,20,22,42,33,869030,132,320,132,358,123,294
2020,11,20,22,42,33,899496,132,320,132,358,123,294
2020,11,20,22,42,33,940176,133,320,133,361,123,291
2020,11,20,22,42,33,970836,133,316,134,361,124,291
2020,11,20,22,42,34,1140,133,316,135,360,124,293
2020,11,20,22,42,34,31934,132,318,135,358,121,293
2020,11,20,22,42,34,72659,132,318,135,358,122,293
2020,11,20,22,42,34,102989,132,318,135,358,122,293
2020,11,20,22,42,34,133203,132,318,135,358,122,292
2020,11,20,22,42,34,171353,132,318,136,360,121,291
2020,11,20,22,42,34,197751,132,318,135,358,122,290
2020,11,20,22,42,34,238722,132,318,135,358,121,290
2020,11,20,22,42,34,268480,132,318,135,358,121,289
2020,11,20,22,42,34,299070,132,318,135,358,121,289
2020,11,20,22,42,34,332356,132,318,135,358,120,287
2020,11,20,22,42,34,378867,130,317,136,359,121,286
2020,11,20,22,42,34,409847,129,317,136,358,120,287
2020,11,20,22,42,34,440155,129,314,136,358,121,288
2020,11,20,22,42,34,470503,130,314,136,358,121,289
2020,11,20,22,42,34,510700,130,314,136,358,121,289
2020,11,20,22,42,34,542261,130,314,137,359,122,290
2020,11,20,22,42,34,572150,130,314,137,359,122,290
2020,11,20,22,42,34,612342,130,314,137,359,122,290
2020,11,20,22,42,34,634537,130,314,137,359,122,290
2020,11,20,22,42,34,665216,130,314,137,358,120,287
2020,11,20,22,42,34,696136,130,314,137,358,120,287
2020,11,20,22,42,34,736662,130,314,137,358,117,287
2020,11,20,22,42,34,767270,129,311,139,361,112,284
2020,11,20,22,42,34,797787,129,311,138,359,112,282
2020,11,20,22,42,34,828550,127,309,136,352,111,281
2020,11,20,22,42,34,869370,126,303,135,348,110,282
2020,11,20,22,42,34,901705,126,303,135,348,111,281
2020,11,20,22,42,34,933513,128,301,135,349,109,283
2020,11,20,22,42,34,974206,128,302,136,349,105,286
2020,11,20,22,42,35,4307,128,303,137,349,103,289
2020,11,20,22,42,35,35561,128,302,138,349,101,290
2020,11,20,22,42,35,71403,127,300,138,340,99,291
2020,11,20,22,42,35,111633,127,300,138,340,99,291
2020,11,20,22,42,35,135493,126,298,140,336,96,292
2020,11,20,22,42,35,164583,125,297,140,336,94,294
2020,11,20,22,42,35,197345,125,297,139,334,93,296
2020,11,20,22,42,35,237108,125,297,137,327,92,295
2020,11,20,22,42,35,265816,125,297,137,327,92,294
2020,11,20,22,42,35,306883,125,297,137,328,92,294
2020,11,20,22,42,35,346714,125,297,138,333,94,295
2020,11,20,22,42,35,376594,125,298,138,331,102,284
2020,11,20,22,42,35,406631,126,299,138,331,103,284
2020,11,20,22,42,35,437309,125,299,138,331,104,285
2020,11,20,22,42,35,478157,127,300,137,334,105,285
2020,11,20,22,42,35,508835,127,300,137,334,105,285
2020,11,20,22,42,35,539083,127,301,137,334,107,288
2020,11,20,22,42,35,569795,128,301,137,334,100,302
2020,11,20,22,42,35,610114,128,301,137,334,101,309
2020,11,20,22,42,35,636313,129,302,138,332,102,318
2020,11,20,22,42,35,663140,130,304,139,332,105,326
2020,11,20,22,42,35,703586,125,305,139,332,105,326
2020,11,20,22,42,35,734308,133,305,110,333,141,332
2020,11,20,22,42,35,765210,131,309,117,340,142,330
2020,11,20,22,42,35,795616,126,322,149,318,122,350
2020,11,20,22,42,35,836242,129,331,152,315,122,358
2020,11,20,22,42,35,866815,132,334,158,312,122,363
2020,11,20,22,42,35,900027,132,334,158,312,122,363
2020,11,20,22,42,35,935987,132,337,164,313,122,365
2020,11,20,22,42,35,978143,132,338,159,309,123,368
2020,11,20,22,42,36,8104,133,339,160,308,123,370
2020,11,20,22,42,36,38944,130,348,137,318,119,374
2020,11,20,22,42,36,79764,129,351,154,310,119,374
2020,11,20,22,42,36,109099,129,351,154,310,119,374
2020,11,20,22,42,36,139804,131,351,156,309,122,373
2020,11,20,22,42,36,164231,132,350,155,308,123,371
2020,11,20,22,42,36,199883,131,351,157,308,123,370
2020,11,20,22,42,36,246873,131,351,157,308,123,371
2020,11,20,22,42,36,270932,132,349,157,308,123,371
2020,11,20,22,42,36,300942,132,349,157,308,123,371
2020,11,20,22,42,36,336065,125,363,145,325,105,385
2020,11,20,22,42,36,370048,123,367,145,325,105,385
2020,11,20,22,42,36,409247,124,366,145,325,105,385
2020,11,20,22,42,36,439869,124,367,145,326,105,385
2020,11,20,22,42,36,470707,127,366,147,321,105,385
2020,11,20,22,42,36,510156,127,366,147,321,106,385
2020,11,20,22,42,36,534012,129,361,148,320,96,380
2020,11,20,22,42,36,563449,129,361,148,320,98,380
2020,11,20,22,42,36,603686,114,373,148,320,101,372
2020,11,20,22,42,36,634275,130,363,148,320,103,367
2020,11,20,22,42,36,674921,127,366,148,318,106,360
2020,11,20,22,42,36,704514,127,366,148,320,106,360
2020,11,20,22,42,36,745045,130,364,147,321,109,354
2020,11,20,22,42,36,775236,135,361,144,323,114,345
2020,11,20,22,42,36,805545,135,359,147,327,117,342
2020,11,20,22,42,36,836812,133,359,152,337,118,343
2020,11,20,22,42,36,877184,130,361,122,337,146,369
2020,11,20,22,42,36,898649,130,361,122,337,146,369
2020,11,20,22,42,36,930026,129,360,153,371,122,333
2020,11,20,22,42,36,970671,128,359,154,373,124,332
2020,11,20,22,42,37,9282,128,359,159,372,126,327
2020,11,20,22,42,37,41110,128,357,157,371,127,321
2020,11,20,22,42,37,70982,127,353,125,316,139,367
2020,11,20,22,42,37,111394,127,353,126,315,143,368
2020,11,20,22,42,37,144066,128,339,143,362,129,309
2020,11,20,22,42,37,173124,128,339,150,362,136,308
2020,11,20,22,42,37,198822,127,339,149,363,139,308
2020,11,20,22,42,37,237132,127,337,143,364,139,308
2020,11,20,22,42,37,265839,127,336,144,366,138,308
2020,11,20,22,42,37,299045,127,336,145,366,138,308
2020,11,20,22,42,37,345832,126,335,143,366,135,306
2020,11,20,22,42,37,374769,128,328,130,361,138,305
2020,11,20,22,42,37,399034,129,328,134,363,131,298
2020,11,20,22,42,37,429231,128,321,131,278,128,344
2020,11,20,22,42,37,469933,129,290,127,336,132,255
2020,11,20,22,42,37,503841,129,290,127,336,132,255
2020,11,20,22,42,37,539321,134,263,124,309,128,226
2020,11,20,22,42,37,573091,130,232,136,274,128,194
2020,11,20,22,42,37,602100,129,199,133,241,125,167
2020,11,20,22,42,37,632974,127,178,134,230,122,139
2020,11,20,22,42,37,670621,125,149,130,200,121,120
2020,11,20,22,42,37,714171,125,149,130,200,121,120
2020,11,20,22,42,37,734375,126,140,119,102,132,158
2020,11,20,22,42,37,764966,124,124,121,90,132,146
2020,11,20,22,42,37,796577,125,113,121,83,131,133
2020,11,20,22,42,37,836318,124,106,141,163,118,77
2020,11,20,22,42,37,875942,124,104,143,152,120,70
2020,11,20,22,42,37,905898,124,104,143,153,120,70
2020,11,20,22,42,37,947176,123,98,141,143,121,65
2020,11,20,22,42,37,977485,123,90,131,127,120,63
2020,11,20,22,42,38,7687,124,90,129,135,119,61
2020,11,20,22,42,38,38717,124,85,128,142,118,60
2020,11,20,22,42,38,77913,124,86,128,140,116,59
2020,11,20,22,42,38,101008,124,86,128,140,115,59
2020,11,20,22,42,38,131828,124,86,127,140,113,58
2020,11,20,22,42,38,170630,123,85,126,139,112,56
2020,11,20,22,42,38,198102,122,85,125,139,109,53
2020,11,20,22,42,38,238244,122,84,125,139,107,50
2020,11,20,22,42,38,267354,123,81,125,129,106,47
2020,11,20,22,42,38,300681,123,81,125,129,106,47
2020,11,20,22,42,38,329174,125,81,127,129,104,44
2020,11,20,22,42,38,379132,124,77,128,128,103,40
2020,11,20,22,42,38,408513,122,69,128,122,102,38
2020,11,20,22,42,38,430300,112,51,128,118,101,38
2020,11,20,22,42,38,471296,111,51,126,120,99,38
2020,11,20,22,42,38,501846,111,51,126,120,99,38
2020,11,20,22,42,38,541204,117,61,125,120,97,36
2020,11,20,22,42,38,572253,109,51,125,120,94,35
2020,11,20,22,42,38,603355,106,49,125,116,91,34
2020,11,20,22,42,38,634281,104,47,124,116,90,33
2020,11,20,22,42,38,675486,105,48,124,116,90,33
2020,11,20,22,42,38,705234,105,48,124,116,90,33
2020,11,20,22,42,38,744896,105,48,124,116,90,36
2020,11,20,22,42,38,775159,105,48,124,116,92,37
2020,11,20,22,42,38,805720,117,65,123,118,106,38
2020,11,20,22,42,38,848172,116,64,123,119,115,41
2020,11,20,22,42,38,876834,118,68,124,118,128,47
2020,11,20,22,42,38,906998,118,68,124,118,128,47
2020,11,20,22,42,38,938126,123,72,123,120,149,61
2020,11,20,22,42,38,979005,131,75,175,66,118,90
2020,11,20,22,42,39,9562,161,69,124,93,200,66
2020,11,20,22,42,39,39945,183,69,232,63,152,72
2020,11,20,22,42,39,70717,227,64,265,63,189,64
2020,11,20,22,42,39,110983,227,64,265,63,189,64
2020,11,20,22,42,39,143523,254,64,303,67,223,61
2020,11,20,22,42,39,172410,301,66,252,61,336,72
2020,11,20,22,42,39,205978,317,67,369,81,283,63
2020,11,20,22,42,39,236345,373,77,414,78,358,71
2020,11,20,22,42,39,265090,411,74,357,68,432,61
2020,11,20,22,42,39,298098,411,74,356,68,432,61
2020,11,20,22,42,39,345160,410,73,359,86,433,53
2020,11,20,22,42,39,375298,412,71,362,87,437,51
2020,11,20,22,42,39,405395,410,71,363,89,439,50
2020,11,20,22,42,39,446382,410,67,435,52,393,77
2020,11,20,22,42,39,476872,409,65,433,56,391,70
2020,11,20,22,42,39,507558,409,65,433,56,391,70
2020,11,20,22,42,39,537919,407,65,376,72,431,57
2020,11,20,22,42,39,578561,409,65,353,82,430,58
2020,11,20,22,42,39,609302,409,65,355,82,430,56
2020,11,20,22,42,39,639648,407,66,355,82,431,57
2020,11,20,22,42,39,671144,409,65,355,82,431,57
2020,11,20,22,42,39,702762,407,66,355,82,431,55
2020,11,20,22,42,39,733298,409,65,355,82,432,55
2020,11,20,22,42,39,764057,408,66,354,82,433,53
2020,11,20,22,42,39,804304,408,66,355,82,434,53
2020,11,20,22,42,39,835176,408,66,355,82,434,53
2020,11,20,22,42,39,866059,408,66,354,82,434,53
2020,11,20,22,42,39,898495,408,66,355,82,434,53
2020,11,20,22,42,39,945946,408,66,355,82,431,56
2020,11,20,22,42,39,976631,408,66,354,82,431,56
2020,11,20,22,42,40,6423,407,66,355,82,430,58
2020,11,20,22,42,40,37317,408,66,429,83,384,70
2020,11,20,22,42,40,78705,415,72,432,104,399,67
2020,11,20,22,42,40,108862,415,72,432,104,399,67
2020,11,20,22,42,40,141755,424,192,413,240,429,163
2020,11,20,22,42,40,183015,417,232,412,279,426,209
2020,11,20,22,42,40,203109,416,263,407,308,426,233
2020,11,20,22,42,40,232741,408,301,406,335,418,269
2020,11,20,22,42,40,262936,407,319,404,356,413,293
2020,11,20,22,42,40,307470,407,319,404,356,413,293
2020,11,20,22,42,40,335107,406,341,413,289,411,364
2020,11,20,22,42,40,364412,404,347,412,298,419,368
2020,11,20,22,42,40,394336,406,350,410,301,425,368
2020,11,20,22,42,40,446144,412,353,403,317,428,368
2020,11,20,22,42,40,474711,411,353,397,322,430,367
2020,11,20,22,42,40,504358,413,354,399,320,431,366
2020,11,20,22,42,40,536727,411,352,395,311,430,365
2020,11,20,22,42,40,570582,411,351,395,302,430,369
2020,11,20,22,42,40,607040,413,351,434,373,400,334
2020,11,20,22,42,40,637540,416,350,439,374,402,331
2020,11,20,22,42,40,677780,417,346,438,374,407,330
2020,11,20,22,42,40,704027,417,346,438,374,407,330
2020,11,20,22,42,40,731302,408,358,417,328,372,367
2020,11,20,22,42,40,762271,392,363,421,347,363,365
2020,11,20,22,42,40,802362,389,363,353,361,407,362
2020,11,20,22,42,40,844174,386,364,344,362,404,365
2020,11,20,22,42,40,866934,376,365,338,362,395,366
2020,11,20,22,42,40,906792,376,365,338,362,395,366
2020,11,20,22,42,40,937351,364,363,332,361,389,362
2020,11,20,22,42,40,968483,360,362,327,363,389,361
2020,11,20,22,42,40,998360,358,361,328,367,382,360
2020,11,20,22,42,41,40327,333,362,371,364,300,366
2020,11,20,22,42,41,70219,329,363,364,365,295,368
2020,11,20,22,42,41,100668,329,363,364,365,295,368
2020,11,20,22,42,41,131372,322,364,286,367,357,362
2020,11,20,22,42,41,179491,316,365,357,361,277,365
2020,11,20,22,42,41,202393,300,365,348,361,270,365
2020,11,20,22,42,41,231204,296,365,332,362,262,365
2020,11,20,22,42,41,270533,290,365,335,359,254,366
2020,11,20,22,42,41,300762,290,365,335,359,254,366
2020,11,20,22,42,41,332182,281,366,327,359,244,362
2020,11,20,22,42,41,371424,254,365,292,365,220,367
2020,11,20,22,42,41,411376,246,366,284,359,209,368
2020,11,20,22,42,41,441987,224,367,270,362,193,367
2020,11,20,22,42,41,473148,215,366,263,364,182,369
2020,11,20,22,42,41,513379,215,366,264,364,181,367
2020,11,20,22,42,41,543491,205,366,250,363,169,369
2020,11,20,22,42,41,574327,185,366,219,365,153,373
2020,11,20,22,42,41,604361,177,363,148,384,198,359
2020,11,20,22,42,41,645176,173,360,147,385,192,352
2020,11,20,22,42,41,676812,167,363,194,331,146,385
2020,11,20,22,42,41,706367,167,363,194,331,146,385
2020,11,20,22,42,41,729350,161,366,181,336,147,386
2020,11,20,22,42,41,769380,159,367,184,335,173,386
2020,11,20,22,42,41,802130,162,365,183,334,177,385
2020,11,20,22,42,41,833227,164,362,183,334,190,373
2020,11,20,22,42,41,873632,168,361,176,332,211,366
2020,11,20,22,42,41,903960,168,361,176,332,211,366
2020,11,20,22,42,41,934776,197,365,235,366,172,356
2020,11,20,22,42,41,965396,223,364,176,355,264,368
2020,11,20,22,42,42,6235,254,366,210,363,292,367
2020,11,20,22,42,42,36673,282,365,325,366,245,369
2020,11,20,22,42,42,67634,369,358,324,363,400,338
2020,11,20,22,42,42,97645,369,358,324,363,400,338
2020,11,20,22,42,42,138293,408,337,366,358,430,314
2020,11,20,22,42,42,169156,413,310,430,332,401,323
2020,11,20,22,42,42,202365,420,324,395,329,430,347
2020,11,20,22,42,42,241236,420,330,396,315,428,356
2020,11,20,22,42,42,270241,418,334,384,320,428,364
2020,11,20,22,42,42,308077,418,334,380,323,428,364
2020,11,20,22,42,42,331363,418,337,380,324,429,366
2020,11,20,22,42,42,372038,421,345,384,323,428,367
2020,11,20,22,42,42,402756,417,357,388,366,423,332
2020,11,20,22,42,42,433325,404,364,367,361,424,355
2020,11,20,22,42,42,474055,376,364,339,355,400,370
2020,11,20,22,42,42,504266,376,364,339,355,400,370
2020,11,20,22,42,42,534983,328,358,303,341,354,363
2020,11,20,22,42,42,571894,317,355,289,321,348,357
2020,11,20,22,42,42,612093,288,320,319,353,269,289
2020,11,20,22,42,42,643060,281,310,258,271,303,340
2020,11,20,22,42,42,673033,264,284,283,316,247,252
2020,11,20,22,42,42,703281,264,284,283,317,247,252
2020,11,20,22,42,42,743019,260,278,280,314,243,241
2020,11,20,22,42,42,765976,251,264,272,303,242,235
2020,11,20,22,42,42,796827,251,265,272,304,250,235
2020,11,20,22,42,42,837636,251,264,276,309,259,235
2020,11,20,22,42,42,868179,251,264,273,306,265,235
2020,11,20,22,42,42,901225,251,264,271,303,265,235
2020,11,20,22,42,42,931865,253,260,261,294,275,233
2020,11,20,22,42,42,976131,256,257,258,294,282,232
2020,11,20,22,42,43,624,259,251,254,293,290,230
2020,11,20,22,42,43,33412,262,249,253,294,292,229
2020,11,20,22,42,43,64544,261,252,251,293,289,228
2020,11,20,22,42,43,104824,261,252,251,293,289,228
2020,11,20,22,42,43,135395,262,252,250,293,284,229
2020,11,20,22,42,43,166270,257,246,251,279,237,222
2020,11,20,22,42,43,198186,247,236,254,284,227,214
2020,11,20,22,42,43,238312,237,225,267,250,213,202
2020,11,20,22,42,43,267788,235,222,268,252,208,196
2020,11,20,22,42,43,298145,235,222,268,252,208,196
2020,11,20,22,42,43,331430,221,210,260,239,203,184
2020,11,20,22,42,43,372134,217,207,258,237,207,180
2020,11,20,22,42,43,402808,217,203,247,230,218,176
2020,11,20,22,42,43,432955,216,201,241,230,229,177
2020,11,20,22,42,43,474110,215,198,241,182,217,223
2020,11,20,22,42,43,504123,215,198,241,182,217,223
2020,11,20,22,42,43,535246,216,197,224,235,246,183
2020,11,20,22,42,43,566099,347,121,332,160,338,87
2020,11,20,22,42,43,605978,340,90,294,78,360,100
2020,11,20,22,42,43,637234,252,69,211,66,293,68
2020,11,20,22,42,43,667494,184,70,239,55,151,88
2020,11,20,22,42,43,697797,184,70,239,55,151,88
2020,11,20,22,42,43,738591,160,79,200,63,133,104
2020,11,20,22,42,43,769376,130,112,125,149,143,85
2020,11,20,22,42,43,807149,134,182,113,127,144,213
2020,11,20,22,42,43,846460,241,240,203,235,257,266
2020,11,20,22,42,43,876425,240,241,200,233,255,269
2020,11,20,22,42,43,906844,241,241,200,233,255,269
2020,11,20,22,42,43,938596,243,246,255,284,218,234
2020,11,20,22,42,43,973599,248,267,260,300,230,243
2020,11,20,22,42,44,3612,257,298,282,340,247,274
2020,11,20,22,42,44,33725,277,333,258,301,296,350
2020,11,20,22,42,44,63938,331,359,357,348,305,355
2020,11,20,22,42,44,104782,331,359,357,348,305,355
2020,11,20,22,42,44,135992,370,338,384,311,343,351
2020,11,20,22,42,44,166225,385,316,365,336,392,290
2020,11,20,22,42,44,205276,392,286,382,246,385,319
2020,11,20,22,42,44,244992,389,261,391,298,374,230
2020,11,20,22,42,44,265980,379,237,349,200,396,255
2020,11,20,22,42,44,296158,379,237,349,200,396,255
2020,11,20,22,42,44,336791,364,217,341,191,383,237
2020,11,20,22,42,44,367506,353,201,323,170,374,223
2020,11,20,22,42,44,397905,340,189,368,217,317,165
2020,11,20,22,42,44,428782,336,185,367,217,316,163
2020,11,20,22,42,44,469354,335,184,312,161,356,202
2020,11,20,22,42,44,500167,335,184,312,161,356,202
2020,11,20,22,42,44,533059,324,169,353,198,301,143
2020,11,20,22,42,44,573892,315,156,337,187,295,133
2020,11,20,22,42,44,610744,308,148,330,184,291,122
2020,11,20,22,42,44,641213,305,143,330,182,292,123
2020,11,20,22,42,44,671192,306,147,332,188,296,128
2020,11,20,22,42,44,711789,306,147,332,188,296,128
2020,11,20,22,42,44,742754,307,148,332,186,296,130
2020,11,20,22,42,44,772209,306,148,332,187,300,128
2020,11,20,22,42,44,796083,307,148,332,187,305,126
2020,11,20,22,42,44,836438,308,147,333,189,309,124
2020,11,20,22,42,44,866658,309,147,333,190,319,121
2020,11,20,22,42,44,897169,309,147,333,190,319,121
2020,11,20,22,42,44,941378,316,132,325,182,326,106
2020,11,20,22,42,44,976968,320,124,318,170,327,99
2020,11,20,22,42,45,6971,323,116,309,167,332,83
2020,11,20,22,42,45,29626,326,108,308,154,332,76
2020,11,20,22,42,45,70173,332,92,312,132,322,66
2020,11,20,22,42,45,104378,332,92,312,132,322,66
2020,11,20,22,42,45,141528,332,90,326,123,315,64
2020,11,20,22,42,45,165186,327,74,327,124,299,68
2020,11,20,22,42,45,206135,325,69,338,106,296,71
2020,11,20,22,42,45,244230,324,65,301,81,349,66
2020,11,20,22,42,45,274880,324,64,354,61,300,80
2020,11,20,22,42,45,303999,323,65,354,61,300,80
2020,11,20,22,42,45,344994,324,65,362,63,297,75
2020,11,20,22,42,45,375629,325,66,359,65,296,75
2020,11,20,22,42,45,405757,325,66,360,67,296,72
2020,11,20,22,42,45,447299,325,65,363,71,296,71
2020,11,20,22,42,45,477682,325,65,363,71,294,71
2020,11,20,22,42,45,508272,325,65,363,71,294,71
2020,11,20,22,42,45,538414,325,66,363,71,294,73
2020,11,20,22,42,45,579300,324,67,363,72,294,73
2020,11,20,22,42,45,609195,324,66,363,72,294,73
2020,11,20,22,42,45,639808,325,66,363,71,293,72
2020,11,20,22,42,45,671029,325,66,363,71,292,69
2020,11,20,22,42,45,711224,325,66,363,71,292,69
2020,11,20,22,42,45,741857,304,62,346,65,269,64
2020,11,20,22,42,45,771847,286,64,337,63,260,65
2020,11,20,22,42,45,804301,277,66,332,66,241,65
2020,11,20,22,42,45,838026,269,66,318,60,240,64
2020,11,20,22,42,45,868514,265,65,314,61,242,61
2020,11,20,22,42,45,898364,265,65,313,61,242,61
2020,11,20,22,42,45,939306,268,67,313,63,243,62
2020,11,20,22,42,45,969974,269,69,317,64,246,61
2020,11,20,22,42,45,999950,269,70,320,66,247,62
2020,11,20,22,42,46,30642,268,71,319,67,247,61
2020,11,20,22,42,46,71254,268,70,322,67,245,63
2020,11,20,22,42,46,102119,268,70,322,67,245,63
2020,11,20,22,42,46,132829,267,69,318,69,232,64
2020,11,20,22,42,46,182146,262,67,307,70,222,64
2020,11,20,22,42,46,203267,227,67,272,65,193,64
2020,11,20,22,42,46,232141,205,65,255,67,177,62
2020,11,20,22,42,46,268862,201,66,236,66,168,64
2020,11,20,22,42,46,312274,201,66,237,66,168,64
2020,11,20,22,42,46,340784,187,68,235,72,149,66
2020,11,20,22,42,46,363688,175,67,224,74,140,63
2020,11,20,22,42,46,404836,153,66,203,74,124,61
2020,11,20,22,42,46,435466,150,67,183,75,117,63
2020,11,20,22,42,46,474856,144,67,193,79,116,61
2020,11,20,22,42,46,496262,144,67,193,79,116,61
2020,11,20,22,42,46,536637,145,67,193,75,116,62
2020,11,20,22,42,46,567503,144,66,190,73,117,75
2020,11,20,22,42,46,606983,138,68,178,71,120,97
2020,11,20,22,42,46,631323,124,86,161,75,121,116
2020,11,20,22,42,46,670356,122,89,126,122,130,70
2020,11,20,22,42,46,699532,122,89,126,122,130,70
2020,11,20,22,42,46,730300,123,107,137,69,144,132
2020,11,20,22,42,46,773715,125,112,136,69,148,130
2020,11,20,22,42,46,811051,126,112,128,74,150,131
2020,11,20,22,42,46,831697,127,113,128,74,154,131
2020,11,20,22,42,46,862440,128,113,156,131,121,102
2020,11,20,22,42,46,902713,128,113,156,131,121,102
2020,11,20,22,42,46,942139,129,115,161,130,121,106
2020,11,20,22,42,46,970305,130,116,165,128,120,107
2020,11,20,22,42,46,996753,133,119,168,126,123,109
2020,11,20,22,42,47,35433,138,121,166,125,125,113
2020,11,20,22,42,47,65849,136,119,161,126,125,110
2020,11,20,22,42,47,105203,136,119,161,126,125,110
2020,11,20,22,42,47,145725,134,119,159,122,122,115
2020,11,20,22,42,47,168239,132,119,126,74,154,130
2020,11,20,22,42,47,200649,131,119,125,75,154,130
2020,11,20,22,42,47,230832,130,120,124,77,154,130
2020,11,20,22,42,47,269940,130,121,154,130,119,110
2020,11,20,22,42,47,300887,129,120,154,130,119,110
2020,11,20,22,42,47,333565,131,120,122,83,154,130
2020,11,20,22,42,47,364332,129,121,121,88,154,130
2020,11,20,22,42,47,404891,130,125,148,107,120,130
2020,11,20,22,42,47,435599,131,124,154,107,119,127
2020,11,20,22,42,47,466449,130,124,156,106,120,128
2020,11,20,22,42,47,506658,130,124,157,107,120,128
2020,11,20,22,42,47,537450,130,123,161,107,118,123
2020,11,20,22,42,47,568023,130,122,160,115,118,121
2020,11,20,22,42,47,604605,129,121,155,122,116,118
2020,11,20,22,42,47,645618,128,121,119,82,152,126
2020,11,20,22,42,47,675674,128,119,148,134,117,110
2020,11,20,22,42,47,705513,128,119,149,133,117,110
2020,11,20,22,42,47,736353,131,121,149,137,117,110
2020,11,20,22,42,47,777494,130,124,119,89,152,105
2020,11,20,22,42,47,808090,130,124,119,89,150,103
2020,11,20,22,42,47,840492,131,123,119,89,153,118
2020,11,20,22,42,47,879479,131,124,119,89,153,118
2020,11,20,22,42,47,909803,131,124,119,89,152,117
2020,11,20,22,42,47,941121,131,106,118,127,158,98
2020,11,20,22,42,47,970818,131,106,162,99,117,119
2020,11,20,22,42,48,11540,131,103,161,106,121,125
2020,11,20,22,42,48,41942,130,103,158,102,120,125
2020,11,20,22,42,48,73470,131,103,157,108,120,125
2020,11,20,22,42,48,103448,131,103,157,108,120,125
2020,11,20,22,42,48,144517,132,103,160,113,120,124
2020,11,20,22,42,48,168584,133,104,159,116,120,124
2020,11,20,22,42,48,198327,133,104,159,116,120,124
2020,11,20,22,42,48,237988,137,104,159,128,120,122
2020,11,20,22,42,48,267215,137,106,163,130,120,122
2020,11,20,22,42,48,307291,137,106,163,130,120,122
2020,11,20,22,42,48,338403,138,108,169,136,120,121
2020,11,20,22,42,48,377244,149,115,176,144,121,117
2020,11,20,22,42,48,407692,150,117,175,145,122,119
2020,11,20,22,42,48,438703,151,119,122,120,174,144
2020,11,20,22,42,48,479165,152,120,122,118,174,145
2020,11,20,22,42,48,509533,152,120,122,118,174,145
2020,11,20,22,42,48,540280,156,121,123,116,176,145
2020,11,20,22,42,48,571097,155,120,124,115,176,143
2020,11,20,22,42,48,611531,154,119,124,115,167,143
2020,11,20,22,42,48,641965,158,127,148,111,156,145
2020,11,20,22,42,48,672812,155,122,148,147,147,109
2020,11,20,22,42,48,703101,154,120,148,147,147,109
2020,11,20,22,42,48,744173,154,120,147,149,154,110
2020,11,20,22,42,48,774903,155,124,144,158,146,110
2020,11,20,22,42,48,805163,153,129,141,169,168,123
2020,11,20,22,42,48,848176,141,158,125,192,143,123
2020,11,20,22,42,48,878317,133,172,147,132,123,207
2020,11,20,22,42,48,906869,133,172,147,132,123,207
2020,11,20,22,42,48,938102,130,179,147,132,125,216
2020,11,20,22,42,48,978500,127,201,139,150,126,242
2020,11,20,22,42,49,9190,125,218,138,162,125,257
2020,11,20,22,42,49,39825,133,334,130,285,124,369
2020,11,20,22,42,49,80667,135,335,127,284,121,374
2020,11,20,22,42,49,110129,135,335,127,284,121,374
2020,11,20,22,42,49,142861,133,340,129,289,122,375
2020,11,20,22,42,49,172876,134,340,129,288,120,372
2020,11,20,22,42,49,205488,134,340,133,289,110,370
2020,11,20,22,42,49,235707,133,341,136,291,107,372
2020,11,20,22,42,49,264449,132,343,136,291,102,368
2020,11,20,22,42,49,305545,132,343,136,291,102,368
2020,11,20,22,42,49,336810,115,358,137,291,100,364
2020,11,20,22,42,49,367033,114,356,137,290,100,363
2020,11,20,22,42,49,397711,112,356,138,292,100,360
2020,11,20,22,42,49,428344,124,348,138,294,102,352
2020,11,20,22,42,49,468859,130,338,138,292,98,345
2020,11,20,22,42,49,499451,130,338,138,292,98,345
2020,11,20,22,42,49,530305,130,338,138,293,97,348
2020,11,20,22,42,49,573907,129,339,138,295,97,359
2020,11,20,22,42,49,610035,130,339,138,295,98,366
2020,11,20,22,42,49,641518,130,342,103,376,142,306
2020,11,20,22,42,49,671697,131,341,144,303,109,379
2020,11,20,22,42,49,712287,130,342,144,303,108,378
2020,11,20,22,42,49,742642,129,348,144,304,119,378
2020,11,20,22,42,49,772844,129,350,142,303,120,373
2020,11,20,22,42,49,803324,144,365,123,336,175,347
2020,11,20,22,42,49,844309,150,366,168,345,145,375
2020,11,20,22,42,49,866111,143,341,142,301,140,361
2020,11,20,22,42,49,897201,143,341,142,301,140,361
2020,11,20,22,42,49,937905,139,314,135,351,136,278
2020,11,20,22,42,49,971482,133,253,134,306,133,224
2020,11,20,22,42,50,1535,131,193,130,230,146,165
2020,11,20,22,42,50,32449,129,188,118,232,140,159
2020,11,20,22,42,50,72978,135,119,116,154,138,80
2020,11,20,22,42,50,103398,135,119,116,154,138,80
2020,11,20,22,42,50,134076,128,45,143,100,136,31
2020,11,20,22,42,50,171930,131,65,137,106,162,56
2020,11,20,22,42,50,196246,134,67,168,57,124,88
2020,11,20,22,42,50,237632,147,65,118,99,166,46
2020,11,20,22,42,50,277508,151,67,118,101,164,43
2020,11,20,22,42,50,307141,151,67,118,101,164,43
2020,11,20,22,42,50,337591,159,49,122,95,161,38
2020,11,20,22,42,50,372527,157,64,122,94,167,42
2020,11,20,22,42,50,402987,157,60,122,95,144,36
2020,11,20,22,42,50,440759,156,62,122,94,141,33
2020,11,20,22,42,50,464050,154,53,123,93,141,32
2020,11,20,22,42,50,502266,154,53,123,93,141,32
2020,11,20,22,42,50,536012,156,60,123,94,141,30
2020,11,20,22,42,50,570242,155,63,141,34,162,77
2020,11,20,22,42,50,603588,250,79,272,98,242,71
2020,11,20,22,42,50,634721,251,77,204,62,274,93
2020,11,20,22,42,50,665228,252,77,204,62,279,87
2020,11,20,22,42,50,705158,252,77,204,62,279,87
2020,11,20,22,42,50,745836,273,78,310,83,250,84
2020,11,20,22,42,50,775964,303,78,246,63,333,83
2020,11,20,22,42,50,806130,355,80,302,79,391,83
2020,11,20,22,42,50,836999,381,83,418,82,354,83
2020,11,20,22,42,50,870368,415,84,363,78,444,64
2020,11,20,22,42,50,899075,415,84,363,78,444,64
2020,11,20,22,42,50,939316,416,85,363,77,447,60
2020,11,20,22,42,50,976746,415,84,363,81,439,63
2020,11,20,22,42,51,1946,416,82,362,81,434,63
2020,11,20,22,42,51,31894,417,81,362,79,431,63
2020,11,20,22,42,51,63742,417,81,365,83,430,59
2020,11,20,22,42,51,102737,416,82,365,83,429,59
2020,11,20,22,42,51,133762,416,81,367,87,433,53
2020,11,20,22,42,51,173134,417,79,367,91,436,50
2020,11,20,22,42,51,196675,417,78,368,93,435,52
2020,11,20,22,42,51,236053,412,74,436,55,395,86
2020,11,20,22,42,51,268370,409,73,437,58,391,84
2020,11,20,22,42,51,298763,409,73,437,58,391,84
2020,11,20,22,42,51,339677,409,72,353,92,440,66
2020,11,20,22,42,51,371571,408,72,371,85,442,65
2020,11,20,22,42,51,400927,410,70,451,57,371,77
2020,11,20,22,42,51,431640,417,65,372,74,453,53
2020,11,20,22,42,51,472262,417,66,373,74,457,47
2020,11,20,22,42,51,502496,417,66,373,74,457,47
2020,11,20,22,42,51,533314,421,66,368,78,459,48
2020,11,20,22,42,51,574263,427,65,375,72,463,49
2020,11,20,22,42,51,604428,426,65,375,72,463,50
2020,11,20,22,42,51,635198,446,57,375,72,464,50
2020,11,20,22,42,51,665729,434,62,375,72,464,51
2020,11,20,22,42,51,705964,435,62,376,71,464,51
2020,11,20,22,42,51,736799,445,58,376,71,462,52
2020,11,20,22,42,51,767325,428,64,376,71,462,53
2020,11,20,22,42,51,797697,423,65,376,71,459,55
2020,11,20,22,42,51,838654,430,64,373,73,448,77
2020,11,20,22,42,51,869130,425,63,376,72,444,82
2020,11,20,22,42,51,906252,425,63,375,73,444,82
2020,11,20,22,42,51,946620,427,74,385,68,419,106
2020,11,20,22,42,51,976943,425,75,384,66,417,109
2020,11,20,22,42,52,7512,426,78,395,57,416,110
2020,11,20,22,42,52,37506,426,78,416,111,429,68
2020,11,20,22,42,52,78000,426,81,405,111,431,71
2020,11,20,22,42,52,101727,426,81,405,111,432,72
2020,11,20,22,42,52,130887,418,90,394,119,421,73
2020,11,20,22,42,52,164844,417,95,398,123,422,88
2020,11,20,22,42,52,205467,409,155,411,196,416,119
2020,11,20,22,42,52,238065,411,185,410,139,409,226
2020,11,20,22,42,52,268372,412,241,410,286,407,200
2020,11,20,22,42,52,298146,412,241,410,286,407,200
2020,11,20,22,42,52,338409,203,132,202,92,208,161
2020,11,20,22,42,52,374951,243,214,225,168,251,249
2020,11,20,22,42,52,406021,128,316,137,348,123,281
2020,11,20,22,42,52,445775,408,359,385,339,419,364
2020,11,20,22,42,52,475785,409,360,408,334,411,369
2020,11,20,22,42,52,506545,408,359,410,334,408,369
2020,11,20,22,42,52,531710,422,347,418,314,424,357
2020,11,20,22,42,52,580893,417,284,403,247,424,306
2020,11,20,22,42,52,602987,419,138,407,96,422,158
2020,11,20,22,42,52,632921,400,74,351,65,420,95
2020,11,20,22,42,52,663160,310,69,364,51,275,81
2020,11,20,22,42,52,705064,310,69,364,51,275,81
2020,11,20,22,42,52,735323,233,89,276,72,199,107
2020,11,20,22,42,52,765658,176,122,211,92,171,161
2020,11,20,22,42,52,806444,164,167,174,202,158,151
2020,11,20,22,42,52,835925,172,195,158,159,180,231
2020,11,20,22,42,52,865341,178,222,168,185,188,247
2020,11,20,22,42,52,899879,178,222,168,191,188,247
2020,11,20,22,42,52,936941,177,225,172,174,190,250
2020,11,20,22,42,52,967272,177,225,170,175,199,241
2020,11,20,22,42,52,997578,177,225,171,174,201,243
2020,11,20,22,42,53,37216,177,225,170,175,201,241
2020,11,20,22,42,53,71640,177,224,170,175,201,242
2020,11,20,22,42,53,100820,177,224,170,175,201,242
2020,11,20,22,42,53,129951,177,224,170,175,199,246
2020,11,20,22,42,53,170788,176,224,170,175,193,248
2020,11,20,22,42,53,202651,174,223,169,176,182,250
2020,11,20,22,42,53,238904,174,223,171,174,165,254
2020,11,20,22,42,53,270697,148,248,165,218,135,278
2020,11,20,22,42,53,311355,148,248,165,218,135,278
2020,11,20,22,42,53,342434,130,291,156,235,128,311
2020,11,20,22,42,53,372766,140,347,168,368,133,322
2020,11,20,22,42,53,415628,157,367,124,339,186,356
2020,11,20,22,42,53,445006,206,363,176,371,236,357
2020,11,20,22,42,53,474778,289,368,244,368,329,363
2020,11,20,22,42,53,504345,289,368,244,368,329,363
2020,11,20,22,42,53,539548,369,358,317,367,405,352
2020,11,20,22,42,53,567939,410,355,369,348,432,367
2020,11,20,22,42,53,597981,415,354,364,344,430,368
2020,11,20,22,42,53,627925,413,353,364,344,430,366
2020,11,20,22,42,53,669428,414,352,372,341,432,366
2020,11,20,22,42,53,699800,414,352,372,341,431,368
2020,11,20,22,42,53,730833,420,347,399,326,429,367
2020,11,20,22,42,53,772451,417,345,380,328,428,367
2020,11,20,22,42,53,802562,417,345,380,327,428,367
2020,11,20,22,42,53,833310,417,345,381,327,428,367
2020,11,20,22,42,53,863874,418,345,381,327,429,367
2020,11,20,22,42,53,903464,418,345,381,327,429,367
2020,11,20,22,42,53,936132,418,345,381,327,428,367
2020,11,20,22,42,53,964654,418,345,381,327,429,367
2020,11,20,22,42,53,995458,418,345,381,327,429,366
2020,11,20,22,42,54,44718,418,343,381,327,428,366
2020,11,20,22,42,54,74998,424,349,389,319,406,365
2020,11,20,22,42,54,105574,424,349,389,319,406,365
2020,11,20,22,42,54,147511,423,344,406,364,415,322
2020,11,20,22,42,54,177289,423,344,406,364,415,322
2020,11,20,22,42,54,202008,423,344,406,364,415,322
2020,11,20,22,42,54,229658,423,346,416,321,422,365
2020,11,20,22,42,54,270278,423,346,392,316,424,365
2020,11,20,22,42,54,300225,423,345,392,316,424,365
2020,11,20,22,42,54,331210,422,342,393,316,424,362
2020,11,20,22,42,54,361699,423,343,417,317,426,361
2020,11,20,22,42,54,402165,423,341,429,365,417,318
2020,11,20,22,42,54,433379,422,339,386,320,429,365
2020,11,20,22,42,54,463768,423,341,392,316,428,367
2020,11,20,22,42,54,505871,423,341,392,316,429,367
2020,11,20,22,42,54,537094,422,340,392,316,430,367
2020,11,20,22,42,54,573497,422,340,392,316,428,368
2020,11,20,22,42,54,604299,422,340,392,316,428,368
2020,11,20,22,42,54,645196,422,341,393,315,428,368
2020,11,20,22,42,54,676585,422,343,393,314,428,368
2020,11,20,22,42,54,706468,422,343,393,314,428,368
2020,11,20,22,42,54,737292,422,343,390,314,428,368
2020,11,20,22,42,54,777915,422,343,390,314,427,368
2020,11,20,22,42,54,807993,421,341,391,314,428,366
2020,11,20,22,42,54,839061,421,341,391,314,428,366
2020,11,20,22,42,54,879159,421,341,390,314,428,366
2020,11,20,22,42,54,909266,421,341,390,314,428,366
2020,11,20,22,42,54,937297,421,341,390,314,428,365
