0;Undefined;1;Resting;2;Walking;3;Moving Exploration;4;Local Exploration;5;Supported Rearing;6;Unsupported Rearing;7;Grooming;
Frames; Behavior 
0;3
1;3
2;3
3;3
4;3
5;3
6;3
7;3
8;3
9;3
10;3
11;3
12;3
13;3
14;3
15;3
16;3
17;3
18;3
19;3
20;3
21;3
22;3
23;3
24;3
25;3
26;3
27;3
28;3
29;3
30;3
31;3
32;4
33;4
34;4
35;4
36;4
37;4
38;4
39;4
40;4
41;4
42;4
43;4
44;4
45;4
46;4
47;4
48;4
49;4
50;4
51;4
52;4
53;4
54;4
55;4
56;4
57;4
58;4
59;4
60;4
61;4
62;4
63;4
64;4
65;3
66;3
67;3
68;3
69;3
70;3
71;3
72;3
73;3
74;3
75;3
76;3
77;3
78;3
79;3
80;3
81;3
82;3
83;3
84;3
85;3
86;3
87;3
88;3
89;3
90;3
91;3
92;3
93;3
94;3
95;4
96;4
97;4
98;4
99;4
100;4
101;4
102;4
103;4
104;4
105;4
106;4
107;4
108;4
109;4
110;4
111;4
112;4
113;4
114;4
115;4
116;4
117;4
118;4
119;4
120;4
121;4
122;4
123;4
124;4
125;4
126;4
127;4
128;4
129;4
130;4
131;4
132;4
133;4
134;4
135;3
136;3
137;3
138;3
139;3
140;3
141;3
142;3
143;3
144;3
145;3
146;3
147;3
148;3
149;3
150;3
151;3
152;3
153;3
154;3
155;3
156;3
157;3
158;4
159;4
160;4
161;4
162;4
163;4
164;4
165;4
166;4
167;4
168;4
169;4
170;4
171;4
172;4
173;4
174;4
175;4
176;4
177;4
178;3
179;3
180;3
181;3
182;3
183;3
184;3
185;3
186;3
187;3
188;3
189;3
190;3
191;3
192;3
193;3
194;3
195;3
196;3
197;3
198;3
199;3
200;3
201;3
202;3
203;3
204;3
205;3
206;3
207;3
208;3
209;3
210;3
211;3
212;3
213;3
214;3
215;3
216;3
217;3
218;3
219;3
220;3
221;3
222;3
223;3
224;3
225;3
226;3
227;3
228;3
229;3
230;3
231;3
232;3
233;3
234;3
235;3
236;3
237;3
238;3
239;3
240;3
241;3
242;3
243;3
244;3
245;3
246;3
247;3
248;3
249;3
250;3
251;3
252;3
253;3
254;3
255;3
256;3
257;3
258;3
259;3
260;3
261;3
262;3
263;3
264;3
265;3
266;3
267;3
268;3
269;3
270;3
271;3
272;3
273;3
274;3
275;3
276;3
277;3
278;3
279;3
280;3
281;3
282;3
283;3
284;3
285;3
286;3
287;3
288;3
289;3
290;3
291;3
292;3
293;3
294;3
295;3
296;3
297;3
298;3
299;3
300;3
301;3
302;3
303;3
304;3
305;3
306;3
307;3
308;3
309;3
310;3
311;3
312;3
313;3
314;3
315;3
316;3
317;3
318;3
319;3
320;3
321;3
322;3
323;3
324;3
325;3
326;3
327;3
328;3
329;3
330;3
331;3
332;3
333;3
334;3
335;3
336;3
337;3
338;3
339;3
340;3
341;3
342;3
343;3
344;3
345;3
346;3
347;3
348;3
349;3
350;3
351;3
352;3
353;3
354;3
355;3
356;3
357;3
358;3
359;3
360;3
361;3
362;3
363;3
364;3
365;3
366;3
367;3
368;7
369;7
370;7
371;7
372;7
373;7
374;7
375;7
376;7
377;7
378;7
379;7
380;7
381;7
382;7
383;7
384;7
385;7
386;7
387;7
388;7
389;7
390;7
391;7
392;7
393;7
394;7
395;7
396;7
397;7
398;7
399;7
400;7
401;7
402;7
403;7
404;7
405;7
406;7
407;7
408;7
409;7
410;7
411;7
412;7
413;7
414;7
415;7
416;7
417;7
418;7
419;7
420;7
421;7
422;7
423;7
424;7
425;7
426;7
427;7
428;7
429;7
430;7
431;7
432;7
433;7
434;7
435;7
436;7
437;7
438;7
439;7
440;7
441;7
442;7
443;7
444;7
445;7
446;7
447;7
448;7
449;7
450;7
451;7
452;7
453;7
454;7
455;7
456;7
457;7
458;7
459;7
460;7
461;7
462;7
463;7
464;7
465;7
466;7
467;7
468;7
469;7
470;7
471;7
472;7
473;7
474;7
475;7
476;7
477;7
478;7
479;7
480;7
481;7
482;7
483;7
484;7
485;7
486;7
487;7
488;7
489;7
490;7
491;7
492;7
493;7
494;7
495;7
496;7
497;7
498;7
499;7
500;4
501;4
502;4
503;4
504;4
505;4
506;4
507;4
508;4
509;4
510;4
511;4
512;4
513;4
514;4
515;4
516;4
517;3
518;3
519;3
520;3
521;6
522;6
523;6
524;6
525;6
526;6
527;6
528;6
529;6
530;6
531;7
532;7
533;7
534;7
535;7
536;7
537;7
538;7
539;7
540;7
541;7
542;7
543;7
544;7
545;7
546;7
547;7
548;7
549;7
550;7
551;7
552;7
553;7
554;7
555;7
556;7
557;7
558;7
559;7
560;7
561;7
562;7
563;7
564;7
565;7
566;7
567;7
568;7
569;7
570;7
571;7
572;7
573;7
574;7
575;7
576;7
577;7
578;7
579;7
580;7
581;7
582;7
583;7
584;7
585;7
586;7
587;7
588;7
589;7
590;7
591;7
592;7
593;7
594;7
595;7
596;7
597;7
598;7
599;7
600;7
601;7
602;7
603;7
604;7
605;7
606;7
607;7
608;7
609;7
610;7
611;7
612;7
613;7
614;7
615;7
616;7
617;7
618;7
619;7
620;7
621;7
622;7
623;7
624;4
625;4
626;4
627;6
628;6
629;6
630;6
631;6
632;2
633;2
634;2
635;2
636;2
637;2
638;2
639;2
640;2
641;2
642;2
643;2
644;4
645;4
646;4
647;4
648;4
649;4
650;4
651;4
652;4
653;4
654;4
655;4
656;4
657;4
658;4
659;4
660;4
661;4
662;4
663;5
664;5
665;5
666;5
667;5
668;5
669;5
670;5
671;5
672;5
673;5
674;5
675;5
676;5
677;5
678;2
679;2
680;2
681;2
682;2
683;2
684;2
685;2
686;2
687;2
688;2
689;4
690;4
691;4
692;4
693;4
694;4
695;4
696;4
697;4
698;4
699;4
700;4
701;3
702;3
703;3
704;3
705;3
706;3
707;3
708;3
709;4
710;4
711;4
712;4
713;4
714;4
715;4
716;4
717;4
718;4
719;4
720;4
721;4
722;4
723;4
724;4
725;4
726;4
727;4
728;4
729;4
730;4
731;4
732;4
733;4
734;4
735;4
736;4
737;4
738;4
739;4
740;4
741;4
742;4
743;4
744;4
745;4
746;4
747;4
748;4
749;4
750;4
751;4
752;4
753;4
754;4
755;4
756;4
757;4
758;3
759;3
760;3
761;3
762;3
763;3
764;3
765;3
766;3
767;3
768;3
769;3
770;3
771;3
772;3
773;3
774;3
775;3
776;3
777;3
778;3
779;3
780;3
781;3
782;3
783;3
784;3
785;3
786;4
787;4
788;4
789;4
790;4
791;4
792;4
793;4
794;4
795;3
796;3
797;3
798;3
799;3
800;3
801;3
802;3
803;3
804;3
805;3
806;3
807;3
808;3
809;3
810;3
811;3
812;3
813;3
814;3
815;3
816;3
817;3
818;3
819;3
820;3
821;3
822;3
823;3
824;3
825;3
826;3
827;3
828;3
829;3
830;3
831;3
832;3
833;3
834;3
835;3
836;3
837;3
838;3
839;3
840;3
841;3
842;3
843;3
844;3
845;3
846;3
847;3
848;3
849;3
850;3
851;3
852;2
853;2
854;2
855;2
856;2
857;2
858;2
859;2
860;2
861;2
862;2
863;2
864;2
865;2
866;2
867;2
868;2
869;2
870;2
871;2
872;2
873;2
874;2
875;2
876;2
877;2
878;2
879;2
880;2
881;2
882;2
883;2
884;2
885;2
886;3
887;3
888;3
889;3
890;3
891;3
892;3
893;3
894;3
895;3
896;3
897;3
898;3
899;3
900;3
901;3
902;3
903;3
904;3
905;3
906;3
907;3
908;3
909;3
910;3
911;3
912;3
913;3
914;3
915;3
916;3
917;3
918;3
919;3
920;3
921;3
922;3
923;3
924;4
925;4
926;4
927;4
928;4
929;4
930;4
931;4
932;4
933;4
934;4
935;3
936;3
937;3
938;3
939;3
940;3
941;3
942;3
943;3
944;3
945;3
946;3
947;3
948;3
949;4
950;4
951;6
952;6
953;6
954;6
955;6
956;6
957;6
958;6
959;6
960;6
961;6
962;6
963;6
964;6
965;6
966;6
967;6
968;6
969;6
970;6
971;6
972;6
973;6
974;6
975;6
976;6
977;6
978;6
979;6
980;6
981;6
982;3
983;3
984;3
985;3
986;3
987;3
988;3
989;3
990;3
991;3
992;3
993;3
994;6
995;6
996;6
997;6
998;6
999;6
1000;6
1001;6
1002;6
1003;3
1004;3
1005;3
1006;3
1007;3
1008;3
1009;3
1010;3
1011;3
1012;3
1013;5
1014;5
1015;5
1016;5
1017;2
1018;2
1019;2
1020;2
1021;2
1022;2
1023;2
1024;2
1025;2
1026;2
1027;2
1028;2
1029;2
1030;2
1031;2
1032;2
1033;2
1034;2
1035;2
1036;2
1037;2
1038;2
1039;2
1040;2
1041;2
1042;2
1043;5
1044;5
1045;5
1046;5
1047;2
1048;2
1049;2
1050;2
1051;2
1052;2
1053;2
1054;2
1055;2
1056;3
1057;3
1058;3
1059;5
1060;5
1061;5
1062;5
1063;5
1064;5
1065;5
1066;5
1067;5
1068;5
1069;5
1070;5
1071;5
1072;5
1073;5
1074;5
1075;5
1076;5
1077;5
1078;2
1079;2
1080;2
1081;2
1082;2
1083;2
1084;2
1085;2
1086;2
1087;2
1088;2
1089;2
1090;2
1091;2
1092;2
1093;4
1094;4
1095;4
1096;4
1097;4
1098;4
1099;4
1100;4
1101;4
1102;4
1103;4
1104;4
1105;4
1106;4
1107;2
1108;2
1109;2
1110;2
1111;2
1112;2
1113;2
1114;2
1115;2
1116;2
1117;2
1118;2
1119;3
1120;2
1121;2
1122;2
1123;2
1124;2
1125;2
1126;2
1127;2
1128;2
1129;3
1130;3
1131;3
1132;3
1133;3
1134;3
1135;3
1136;3
1137;3
1138;3
1139;3
1140;3
1141;4
1142;4
1143;4
1144;4
1145;3
1146;3
1147;3
1148;3
1149;3
1150;3
1151;3
1152;3
1153;3
1154;3
1155;3
1156;3
1157;3
1158;3
1159;3
1160;3
1161;3
1162;3
1163;3
1164;3
1165;3
1166;4
1167;4
1168;4
1169;4
1170;4
1171;3
1172;3
1173;3
1174;3
1175;3
1176;3
1177;3
1178;3
1179;7
1180;7
1181;7
1182;7
1183;7
1184;7
1185;7
1186;7
1187;7
1188;7
1189;7
1190;7
1191;7
1192;7
1193;7
1194;7
1195;3
1196;3
1197;3
1198;3
1199;3
1200;5
1201;5
1202;5
1203;5
1204;5
1205;5
1206;5
1207;5
1208;5
1209;5
1210;5
1211;5
1212;5
1213;5
1214;5
1215;5
1216;5
1217;5
1218;5
1219;5
1220;5
1221;5
1222;5
1223;5
1224;5
1225;5
1226;5
1227;5
1228;5
1229;2
1230;2
1231;2
1232;2
1233;2
1234;2
1235;2
1236;2
1237;2
1238;2
1239;2
1240;2
1241;2
1242;2
1243;2
1244;2
1245;2
1246;2
1247;2
1248;2
1249;3
1250;3
1251;3
1252;3
1253;3
1254;3
1255;3
1256;4
1257;4
1258;4
1259;4
1260;4
1261;4
1262;3
1263;3
1264;3
1265;3
1266;3
1267;3
1268;4
1269;4
1270;4
1271;3
1272;3
1273;3
1274;3
1275;3
1276;3
1277;3
1278;3
1279;3
1280;3
1281;3
1282;3
1283;3
1284;3
1285;3
1286;3
1287;3
1288;3
1289;3
1290;3
1291;3
1292;3
1293;3
1294;4
1295;4
1296;4
1297;4
1298;4
1299;4
1300;4
1301;4
1302;4
1303;4
1304;4
1305;4
1306;4
1307;4
1308;3
1309;3
1310;3
1311;3
1312;3
1313;3
1314;3
1315;3
1316;3
1317;3
1318;3
1319;3
1320;3
1321;3
1322;3
1323;3
1324;3
1325;3
1326;3
1327;3
1328;3
1329;3
1330;3
1331;3
1332;3
1333;3
1334;3
1335;3
1336;3
1337;3
1338;3
1339;3
1340;4
1341;4
1342;4
1343;4
1344;4
1345;4
1346;4
1347;4
1348;4
1349;4
1350;4
1351;4
1352;4
1353;4
1354;4
1355;4
1356;4
1357;4
1358;4
1359;4
1360;4
1361;4
1362;4
1363;4
1364;4
1365;4
1366;4
1367;4
1368;4
1369;4
1370;4
1371;4
1372;4
1373;4
1374;4
1375;4
1376;4
1377;4
1378;4
1379;4
1380;4
1381;4
1382;4
1383;4
1384;4
1385;7
1386;7
1387;7
1388;7
1389;7
1390;7
1391;7
1392;7
1393;7
1394;7
1395;7
1396;7
1397;7
1398;7
1399;7
1400;7
1401;7
1402;4
1403;4
1404;4
1405;4
1406;3
1407;3
1408;3
1409;3
1410;3
1411;3
1412;3
1413;3
1414;3
1415;3
1416;3
1417;3
1418;3
1419;3
1420;3
1421;3
1422;3
1423;4
1424;4
1425;4
1426;4
1427;4
1428;4
1429;4
1430;3
1431;3
1432;3
1433;4
1434;4
1435;4
1436;4
1437;4
1438;4
1439;4
1440;4
1441;4
1442;4
1443;4
1444;4
1445;4
1446;4
1447;4
1448;4
1449;4
1450;3
1451;3
1452;3
1453;3
1454;3
1455;3
1456;3
1457;3
1458;3
1459;3
1460;3
1461;3
1462;3
1463;3
1464;3
1465;3
1466;3
1467;3
1468;3
1469;3
1470;4
1471;4
1472;4
1473;4
1474;4
1475;4
1476;4
1477;4
1478;4
1479;4
1480;4
1481;4
1482;4
1483;4
1484;4
1485;4
1486;4
1487;4
1488;4
1489;4
1490;4
1491;4
1492;4
1493;4
1494;4
1495;4
1496;4
1497;4
1498;4
1499;4
1500;4
1501;4
1502;4
1503;4
1504;4
1505;4
1506;3
1507;3
1508;3
1509;3
1510;3
1511;3
1512;3
1513;4
1514;4
1515;4
1516;4
1517;4
1518;4
1519;4
1520;4
1521;4
1522;4
1523;4
1524;4
1525;4
1526;4
1527;4
1528;4
1529;4
1530;4
1531;4
1532;4
1533;4
1534;4
1535;4
1536;4
1537;4
1538;4
1539;4
1540;4
1541;4
1542;6
1543;6
1544;6
1545;6
1546;6
1547;6
1548;6
1549;6
1550;6
1551;6
1552;6
1553;6
1554;6
1555;6
1556;6
1557;3
1558;3
1559;3
1560;3
1561;3
1562;3
1563;3
1564;3
1565;3
1566;3
1567;3
1568;3
1569;3
1570;3
1571;3
1572;3
1573;3
1574;3
1575;3
1576;3
1577;4
1578;4
1579;4
1580;4
1581;4
1582;4
1583;4
1584;4
1585;4
1586;4
1587;6
1588;6
1589;6
1590;6
1591;6
1592;6
1593;6
1594;6
1595;6
1596;6
1597;6
1598;6
1599;6
1600;6
1601;3
1602;3
1603;3
1604;3
1605;3
1606;3
1607;3
1608;3
1609;3
1610;3
1611;3
1612;3
1613;3
1614;3
1615;3
1616;3
1617;3
1618;3
1619;3
1620;3
1621;3
1622;3
1623;3
1624;3
1625;3
1626;3
1627;3
1628;3
1629;3
1630;5
1631;5
1632;5
1633;5
1634;5
1635;5
1636;5
1637;5
1638;5
1639;5
1640;5
1641;5
1642;5
1643;5
1644;5
1645;5
1646;5
1647;5
1648;5
1649;5
1650;5
1651;5
1652;5
1653;5
1654;5
1655;4
1656;4
1657;4
1658;4
1659;4
1660;4
1661;4
1662;4
1663;4
1664;4
1665;4
1666;4
1667;4
1668;4
1669;4
1670;3
1671;3
1672;3
1673;3
1674;3
1675;3
1676;3
1677;3
1678;3
1679;3
1680;3
1681;3
1682;3
1683;3
1684;3
1685;3
1686;3
1687;3
1688;3
1689;3
1690;3
1691;3
1692;3
1693;3
1694;3
1695;3
1696;3
1697;3
1698;4
1699;4
1700;4
1701;4
1702;4
1703;4
1704;4
1705;4
1706;4
1707;4
1708;4
1709;4
1710;4
1711;4
1712;4
1713;4
1714;4
1715;4
1716;4
1717;4
1718;4
1719;4
1720;4
1721;4
1722;4
1723;4
1724;4
1725;4
1726;4
1727;4
1728;4
1729;4
1730;3
1731;3
1732;3
1733;3
1734;3
1735;3
1736;3
1737;3
1738;3
1739;3
1740;3
1741;3
1742;4
1743;4
1744;4
1745;4
1746;4
1747;4
1748;4
1749;4
1750;4
1751;4
1752;7
1753;7
1754;7
1755;7
1756;7
1757;7
1758;7
1759;7
1760;7
1761;7
1762;7
1763;7
1764;7
1765;7
1766;7
1767;7
1768;7
1769;7
1770;7
1771;7
1772;7
1773;7
1774;7
1775;7
1776;7
1777;7
1778;7
1779;7
1780;7
1781;7
1782;7
1783;7
1784;7
1785;7
1786;7
1787;7
1788;7
1789;7
1790;7
1791;7
1792;7
1793;7
1794;7
1795;7
1796;7
1797;7
1798;7
1799;7
1800;7
1801;7
1802;7
1803;7
1804;7
1805;7
1806;7
1807;7
1808;7
1809;7
1810;7
1811;7
1812;7
1813;7
1814;7
1815;7
1816;7
1817;7
1818;7
1819;7
1820;7
1821;7
1822;7
1823;7
1824;7
1825;7
1826;7
1827;7
1828;7
1829;7
1830;7
1831;7
1832;7
1833;7
1834;7
1835;7
1836;7
1837;7
1838;7
1839;7
1840;7
1841;7
1842;7
1843;7
1844;7
1845;7
1846;7
1847;7
1848;7
1849;7
1850;7
1851;7
1852;7
1853;7
1854;7
1855;7
1856;7
1857;7
1858;7
1859;7
1860;7
1861;7
1862;7
1863;7
1864;7
1865;7
1866;7
1867;7
1868;7
1869;7
1870;7
1871;4
1872;4
1873;4
1874;4
1875;4
1876;4
1877;4
1878;4
1879;4
1880;5
1881;5
1882;5
1883;5
1884;3
1885;3
1886;3
1887;3
1888;3
1889;3
1890;3
1891;3
1892;3
1893;3
1894;3
1895;3
1896;3
1897;3
1898;3
1899;3
1900;3
1901;3
1902;3
1903;3
1904;3
1905;3
1906;3
1907;3
1908;3
1909;3
1910;3
1911;3
1912;3
1913;3
1914;3
1915;3
1916;3
1917;3
1918;3
1919;3
1920;3
1921;3
1922;3
1923;3
1924;3
1925;3
1926;3
1927;3
1928;3
1929;3
1930;3
1931;3
1932;3
1933;3
1934;3
1935;3
1936;3
1937;3
1938;5
1939;5
1940;5
1941;5
1942;5
1943;5
1944;5
1945;5
1946;5
1947;5
1948;5
1949;5
1950;5
1951;5
1952;5
1953;5
1954;5
1955;5
1956;5
1957;2
1958;2
1959;2
1960;2
1961;2
1962;2
1963;2
1964;2
1965;2
1966;2
1967;3
1968;3
1969;3
1970;3
1971;3
1972;3
1973;3
1974;3
1975;3
1976;3
1977;3
1978;3
1979;3
1980;3
1981;3
1982;4
1983;4
1984;4
1985;4
1986;4
1987;4
1988;4
1989;4
1990;4
1991;4
1992;3
1993;3
1994;3
1995;3
1996;3
1997;3
1998;3
1999;3
2000;3
2001;3
2002;3
2003;3
2004;3
2005;3
2006;3
2007;3
2008;3
2009;3
2010;3
2011;3
2012;3
2013;3
2014;3
2015;3
2016;3
2017;3
2018;3
2019;3
2020;3
2021;3
2022;3
2023;3
2024;3
2025;3
2026;3
2027;3
2028;3
2029;3
2030;3
2031;4
2032;4
2033;4
2034;4
2035;4
2036;4
2037;4
2038;4
2039;4
2040;4
2041;4
2042;4
2043;4
2044;4
2045;4
2046;4
2047;4
2048;4
2049;4
2050;4
2051;3
2052;3
2053;3
2054;3
2055;3
2056;3
2057;3
2058;3
2059;3
2060;3
2061;3
2062;3
2063;3
2064;3
2065;3
2066;3
2067;3
2068;3
2069;3
2070;3
2071;3
2072;3
2073;3
2074;3
2075;3
2076;3
2077;3
2078;3
2079;3
2080;3
2081;3
2082;3
2083;3
2084;3
2085;3
2086;3
2087;3
2088;3
2089;3
2090;3
2091;3
2092;3
2093;3
2094;3
2095;3
2096;3
2097;3
2098;3
2099;3
2100;3
2101;3
2102;3
2103;3
2104;3
2105;3
2106;3
2107;3
2108;3
2109;3
2110;3
2111;3
2112;3
2113;3
2114;3
2115;3
2116;3
2117;3
2118;3
2119;3
2120;4
2121;4
2122;4
2123;4
2124;4
2125;4
2126;4
2127;4
2128;4
2129;4
2130;4
2131;4
2132;4
2133;4
2134;4
2135;4
2136;4
2137;4
2138;4
2139;2
2140;2
2141;2
2142;2
2143;2
2144;2
2145;2
2146;2
2147;2
2148;2
2149;2
2150;2
2151;2
2152;2
2153;2
2154;2
2155;2
2156;2
2157;2
2158;2
2159;2
2160;2
2161;2
2162;2
2163;2
2164;2
2165;2
2166;2
2167;2
2168;2
2169;2
2170;2
2171;2
2172;2
2173;2
2174;2
2175;2
2176;2
2177;4
2178;4
2179;4
2180;4
2181;4
2182;4
2183;4
2184;4
2185;4
2186;4
2187;4
2188;4
2189;4
2190;4
2191;4
2192;4
2193;4
2194;4
2195;4
2196;4
2197;4
2198;4
2199;4
2200;3
2201;3
2202;3
2203;3
2204;3
2205;3
2206;3
2207;3
2208;3
2209;3
2210;3
2211;3
2212;3
2213;3
2214;3
2215;3
2216;3
2217;3
2218;3
2219;3
2220;3
2221;3
2222;3
2223;3
2224;4
2225;4
2226;4
2227;4
2228;4
2229;4
2230;4
2231;4
2232;4
2233;4
2234;4
2235;4
2236;4
2237;3
2238;3
2239;3
2240;3
2241;3
2242;3
2243;3
2244;3
2245;3
2246;3
2247;3
2248;3
2249;3
2250;3
2251;3
2252;3
2253;3
2254;3
2255;5
2256;5
2257;5
2258;5
2259;5
2260;5
2261;5
2262;5
2263;5
2264;5
2265;5
2266;5
2267;5
2268;5
2269;5
2270;5
2271;5
2272;5
2273;5
2274;5
2275;5
2276;5
2277;5
2278;5
2279;5
2280;5
2281;5
2282;5
2283;5
2284;5
2285;5
2286;5
2287;5
2288;5
2289;5
2290;5
2291;5
2292;5
2293;5
2294;5
2295;5
2296;5
2297;3
2298;3
2299;3
2300;3
2301;3
2302;3
2303;3
2304;3
2305;3
2306;3
2307;3
2308;3
2309;3
2310;3
2311;3
2312;3
2313;3
2314;3
2315;3
2316;3
2317;3
2318;3
2319;3
2320;3
2321;3
2322;3
2323;6
2324;6
2325;6
2326;6
2327;6
2328;6
2329;6
2330;6
2331;6
2332;6
2333;3
2334;3
2335;3
2336;3
2337;3
2338;3
2339;3
2340;3
2341;3
2342;3
2343;3
2344;3
2345;3
2346;3
2347;3
2348;6
2349;6
2350;6
2351;6
2352;6
2353;6
2354;6
2355;6
2356;6
2357;6
2358;6
2359;6
2360;6
2361;3
2362;3
2363;3
2364;3
2365;3
2366;3
2367;3
2368;3
2369;3
2370;3
2371;3
2372;3
2373;3
2374;3
2375;3
2376;3
2377;3
2378;3
2379;3
2380;3
2381;3
2382;3
2383;3
2384;3
2385;3
2386;3
2387;3
2388;3
2389;3
2390;3
2391;3
2392;3
2393;3
2394;3
2395;3
2396;3
2397;3
2398;3
2399;3
2400;3
2401;7
2402;7
2403;7
2404;7
2405;7
2406;7
2407;7
2408;7
2409;7
2410;7
2411;7
2412;7
2413;7
2414;7
2415;7
2416;7
2417;7
2418;7
2419;7
2420;7
2421;7
2422;7
2423;7
2424;7
2425;7
2426;7
2427;7
2428;7
2429;7
2430;7
2431;7
2432;7
2433;7
2434;7
2435;7
2436;7
2437;7
2438;7
2439;7
2440;7
2441;7
2442;7
2443;7
2444;7
2445;7
2446;7
2447;7
2448;7
2449;7
2450;7
2451;7
2452;7
2453;7
2454;7
2455;7
2456;7
2457;7
2458;7
2459;7
2460;7
2461;7
2462;7
2463;7
2464;7
2465;7
2466;7
2467;7
2468;7
2469;7
2470;7
2471;7
2472;7
2473;7
2474;7
2475;7
2476;7
2477;7
2478;7
2479;7
2480;7
2481;7
2482;7
2483;7
2484;7
2485;7
2486;7
2487;7
2488;7
2489;7
2490;7
2491;7
2492;7
2493;7
2494;7
2495;7
2496;7
2497;7
2498;7
2499;7
2500;7
2501;7
2502;7
2503;7
2504;7
2505;7
2506;7
2507;7
2508;7
2509;7
2510;7
2511;7
2512;7
2513;7
2514;7
2515;7
2516;7
2517;7
2518;7
2519;7
2520;7
2521;7
2522;7
2523;7
2524;7
2525;7
2526;7
2527;7
2528;7
2529;7
2530;7
2531;7
2532;7
2533;7
2534;7
2535;7
2536;7
2537;7
2538;7
2539;7
2540;7
2541;7
2542;7
2543;7
2544;7
2545;7
2546;7
2547;7
2548;7
2549;7
2550;7
2551;7
2552;7
2553;7
2554;7
2555;7
2556;7
2557;7
2558;7
2559;7
2560;7
2561;7
2562;7
2563;7
2564;7
2565;7
2566;7
2567;7
2568;7
2569;7
2570;7
2571;7
2572;7
2573;7
2574;7
2575;7
2576;7
2577;7
2578;7
2579;7
2580;7
2581;7
2582;7
2583;7
2584;7
2585;7
2586;7
2587;7
2588;7
2589;7
2590;7
2591;7
2592;7
2593;7
2594;7
2595;7
2596;7
2597;7
2598;7
2599;7
2600;7
2601;7
2602;7
2603;7
2604;7
2605;7
2606;7
2607;7
2608;7
2609;7
2610;7
2611;7
2612;7
2613;7
2614;7
2615;7
2616;7
2617;7
2618;7
2619;7
2620;7
2621;7
2622;7
2623;7
2624;7
2625;7
2626;7
2627;7
2628;7
2629;7
2630;7
2631;3
2632;3
2633;3
2634;3
2635;3
2636;3
2637;3
2638;3
2639;3
2640;3
2641;3
2642;3
2643;3
2644;3
2645;3
2646;3
2647;3
2648;3
2649;3
2650;3
2651;3
2652;3
2653;3
2654;3
2655;3
2656;3
2657;4
2658;4
2659;4
2660;4
2661;4
2662;4
2663;4
2664;4
2665;4
2666;4
2667;4
2668;4
2669;4
2670;4
2671;4
2672;4
2673;4
2674;4
2675;4
2676;4
2677;4
2678;4
2679;4
2680;4
2681;4
2682;4
2683;4
2684;4
2685;4
2686;4
2687;4
2688;4
2689;4
2690;4
2691;4
2692;4
2693;4
2694;4
2695;4
2696;4
2697;4
2698;4
2699;4
2700;4
2701;4
2702;4
2703;4
2704;4
2705;4
2706;4
2707;4
2708;4
2709;4
2710;4
2711;4
2712;4
2713;4
2714;4
2715;4
2716;4
2717;4
2718;4
2719;4
2720;3
2721;3
2722;3
2723;3
2724;3
2725;3
2726;3
2727;3
2728;3
2729;3
2730;3
2731;3
2732;3
2733;7
2734;7
2735;7
2736;7
2737;7
2738;7
2739;7
2740;7
2741;7
2742;7
2743;7
2744;7
2745;7
2746;7
2747;7
2748;7
2749;7
2750;7
2751;7
2752;7
2753;3
2754;3
2755;3
2756;3
2757;3
2758;3
2759;3
2760;3
2761;3
2762;3
2763;3
2764;3
2765;3
2766;3
2767;3
2768;3
2769;3
2770;3
2771;3
2772;3
2773;3
2774;3
2775;3
2776;3
2777;3
2778;3
2779;3
2780;3
2781;3
2782;3
2783;3
2784;3
2785;3
2786;3
2787;3
2788;3
2789;3
2790;3
2791;3
2792;3
2793;3
2794;6
2795;6
2796;6
2797;6
2798;3
2799;3
2800;3
2801;3
2802;3
2803;3
2804;3
2805;3
2806;3
2807;3
2808;3
2809;3
2810;3
2811;3
2812;3
2813;3
2814;3
2815;3
2816;3
2817;3
2818;3
2819;3
2820;3
2821;3
2822;6
2823;6
2824;6
2825;6
2826;6
2827;6
2828;3
2829;3
2830;3
2831;3
2832;3
2833;3
2834;3
2835;3
2836;3
2837;3
2838;3
2839;3
2840;3
2841;3
2842;3
2843;3
2844;3
2845;3
2846;3
2847;3
2848;3
2849;3
2850;3
2851;3
2852;3
2853;3
2854;3
2855;3
2856;3
2857;3
2858;3
2859;3
2860;3
2861;3
2862;3
2863;3
2864;3
2865;3
2866;3
2867;3
2868;3
2869;3
2870;3
2871;3
2872;3
2873;3
2874;4
2875;4
2876;4
2877;4
2878;4
2879;4
2880;4
2881;4
2882;4
2883;4
2884;4
2885;4
2886;4
2887;4
2888;4
2889;3
2890;3
2891;3
2892;3
2893;3
2894;3
2895;3
2896;3
2897;3
2898;3
2899;3
2900;3
2901;3
2902;3
2903;3
2904;3
2905;3
2906;3
2907;3
2908;3
2909;3
2910;3
2911;3
2912;3
2913;3
2914;3
2915;4
2916;4
2917;4
2918;4
2919;4
2920;4
2921;4
2922;4
2923;4
2924;4
2925;4
2926;4
2927;4
2928;3
2929;3
2930;3
2931;3
2932;3
2933;3
2934;3
2935;3
2936;3
2937;3
2938;3
2939;3
2940;3
2941;3
2942;3
2943;3
2944;3
2945;3
2946;3
2947;3
2948;3
2949;3
2950;4
2951;4
2952;4
2953;4
2954;4
2955;4
2956;4
2957;4
2958;4
2959;4
2960;4
2961;4
2962;4
2963;4
2964;4
2965;3
2966;3
2967;3
2968;3
2969;3
2970;3
2971;3
2972;3
2973;7
2974;7
2975;7
2976;7
2977;7
2978;7
2979;7
2980;7
2981;7
2982;7
2983;7
2984;7
2985;7
2986;7
2987;7
2988;7
2989;7
2990;7
2991;7
2992;7
2993;7
2994;7
2995;7
2996;7
2997;7
2998;7
2999;7
3000;7
3001;7
3002;7
3003;7
3004;3
3005;3
3006;3
3007;3
3008;3
3009;3
3010;6
3011;6
3012;6
3013;6
3014;6
3015;3
3016;3
3017;3
3018;3
3019;3
3020;3
3021;3
3022;3
3023;3
3024;6
3025;6
3026;6
3027;6
3028;6
3029;6
3030;6
3031;6
3032;3
3033;3
3034;3
3035;3
3036;3
3037;3
3038;3
3039;6
3040;6
3041;6
3042;6
3043;6
3044;6
3045;6
3046;6
3047;6
3048;6
3049;6
3050;4
3051;4
3052;4
3053;4
3054;4
3055;4
3056;4
3057;4
3058;4
3059;4
3060;4
3061;4
3062;3
3063;3
3064;3
3065;3
3066;3
3067;3
3068;3
3069;3
3070;3
3071;3
3072;3
3073;3
3074;3
3075;3
3076;3
3077;3
3078;3
3079;3
3080;3
3081;3
3082;3
3083;3
3084;3
3085;3
3086;3
3087;3
3088;3
3089;3
3090;3
3091;3
3092;3
3093;3
3094;3
3095;3
3096;3
3097;3
3098;3
3099;3
3100;5
3101;5
3102;5
3103;5
3104;5
3105;5
3106;5
3107;5
3108;5
3109;5
3110;5
3111;5
3112;5
3113;5
3114;5
3115;5
3116;5
3117;5
3118;5
3119;3
3120;3
3121;3
3122;3
3123;3
3124;3
3125;3
3126;3
3127;3
3128;3
3129;3
3130;3
3131;3
3132;3
3133;3
3134;3
3135;3
3136;3
3137;3
3138;3
3139;3
3140;3
3141;3
3142;3
3143;6
3144;6
3145;6
3146;6
3147;6
3148;6
3149;6
3150;3
3151;3
3152;3
3153;3
3154;3
3155;3
3156;3
3157;3
3158;3
3159;3
3160;3
3161;3
3162;3
3163;3
3164;3
3165;3
3166;3
3167;3
3168;4
3169;4
3170;4
3171;4
3172;4
3173;4
3174;4
3175;4
3176;4
3177;3
3178;3
3179;3
3180;3
3181;3
3182;3
3183;3
3184;3
3185;3
3186;3
3187;3
3188;3
3189;3
3190;3
3191;3
3192;3
3193;3
3194;3
3195;3
3196;3
3197;3
3198;3
3199;3
3200;3
3201;3
3202;3
3203;3
3204;3
3205;3
3206;3
3207;3
3208;4
3209;4
3210;4
3211;4
3212;4
3213;4
3214;4
3215;4
3216;4
3217;4
3218;4
3219;4
3220;4
3221;4
3222;4
3223;4
3224;4
3225;4
3226;4
3227;4
3228;4
3229;4
3230;4
3231;4
3232;3
3233;3
3234;3
3235;3
3236;3
3237;3
3238;3
3239;3
3240;7
3241;7
3242;7
3243;7
3244;7
3245;7
3246;7
3247;7
3248;7
3249;7
3250;7
3251;7
3252;7
3253;7
3254;7
3255;7
3256;7
3257;7
3258;7
3259;7
3260;7
3261;7
3262;7
3263;7
3264;7
3265;7
3266;7
3267;7
3268;7
3269;7
3270;7
3271;7
3272;7
3273;7
3274;7
3275;7
3276;4
3277;4
3278;4
3279;4
3280;4
3281;4
3282;4
3283;4
3284;4
3285;4
3286;4
3287;4
3288;4
3289;4
3290;4
3291;4
3292;4
3293;4
3294;4
3295;4
3296;4
3297;4
3298;4
3299;6
3300;6
3301;6
3302;6
3303;6
3304;6
3305;6
3306;6
3307;6
3308;6
3309;6
3310;6
3311;6
3312;6
3313;6
3314;6
3315;6
3316;6
3317;6
3318;6
3319;6
3320;6
3321;6
3322;4
3323;4
3324;4
3325;4
3326;4
3327;4
3328;4
3329;4
3330;3
3331;3
3332;3
3333;3
3334;3
3335;3
3336;3
3337;3
3338;4
3339;4
3340;4
3341;4
3342;4
3343;4
3344;4
3345;4
3346;4
3347;4
3348;4
3349;4
3350;3
3351;4
3352;4
3353;4
3354;4
3355;4
3356;4
3357;6
3358;6
3359;6
3360;6
3361;4
3362;4
3363;4
3364;4
3365;4
3366;4
3367;4
3368;4
3369;4
3370;4
3371;4
3372;4
3373;4
3374;4
3375;4
3376;4
3377;4
3378;4
3379;4
3380;4
3381;4
3382;4
3383;4
3384;4
3385;4
3386;4
3387;5
3388;5
3389;5
3390;5
3391;5
3392;5
3393;5
3394;5
3395;5
3396;5
3397;5
3398;5
3399;3
3400;3
3401;3
3402;3
3403;3
3404;3
3405;3
3406;3
3407;3
3408;3
3409;3
3410;3
3411;3
3412;3
3413;3
3414;3
3415;3
3416;3
3417;3
3418;3
3419;3
3420;3
3421;3
3422;3
3423;3
3424;3
3425;3
3426;4
3427;4
3428;4
3429;4
3430;4
3431;4
3432;4
3433;4
3434;4
3435;4
3436;4
3437;4
3438;4
3439;3
3440;3
3441;3
3442;3
3443;4
3444;4
3445;4
3446;4
3447;4
3448;4
3449;4
3450;7
3451;7
3452;7
3453;7
3454;7
3455;7
3456;7
3457;7
3458;7
3459;7
3460;7
3461;7
3462;7
3463;7
3464;7
3465;7
3466;7
3467;7
3468;7
3469;7
3470;7
3471;7
3472;7
3473;7
3474;7
3475;7
3476;7
3477;7
3478;7
3479;7
3480;7
3481;7
3482;7
3483;7
3484;7
3485;7
3486;7
3487;7
3488;7
3489;7
3490;7
3491;7
3492;7
3493;7
3494;7
3495;7
3496;7
3497;7
3498;7
3499;7
3500;7
3501;7
3502;7
3503;7
3504;7
3505;7
3506;7
3507;7
3508;7
3509;7
3510;7
3511;7
3512;7
3513;7
3514;7
3515;7
3516;7
3517;7
3518;7
3519;7
3520;7
3521;7
3522;7
3523;7
3524;7
3525;7
3526;7
3527;7
3528;7
3529;7
3530;7
3531;7
3532;7
3533;7
3534;7
3535;7
3536;7
3537;7
3538;7
3539;7
3540;7
3541;7
3542;7
3543;7
3544;7
3545;7
3546;7
3547;7
3548;7
3549;7
3550;7
3551;7
3552;7
3553;7
3554;7
3555;7
3556;7
3557;7
3558;7
3559;7
3560;7
3561;7
3562;7
3563;7
3564;7
3565;7
3566;7
3567;7
3568;7
3569;7
3570;7
3571;7
3572;7
3573;7
3574;7
3575;7
3576;7
3577;7
3578;7
3579;7
3580;7
3581;7
3582;7
3583;7
3584;7
3585;7
3586;7
3587;7
3588;7
3589;7
3590;7
3591;7
3592;7
3593;7
3594;7
3595;7
3596;7
3597;7
3598;7
3599;7
3600;7
3601;7
3602;7
3603;7
3604;7
3605;7
3606;7
3607;7
3608;7
3609;7
3610;7
3611;7
3612;7
3613;7
3614;7
3615;7
3616;7
3617;7
3618;7
3619;7
3620;7
3621;7
3622;7
3623;7
3624;7
3625;7
3626;7
3627;7
3628;7
3629;7
3630;7
3631;7
3632;7
3633;7
3634;7
3635;7
3636;7
3637;7
3638;7
3639;7
3640;7
3641;7
3642;7
3643;7
3644;7
3645;7
3646;7
3647;7
3648;7
3649;7
3650;7
3651;7
3652;7
3653;7
3654;7
3655;7
3656;7
3657;7
3658;7
3659;7
3660;7
3661;7
3662;7
3663;7
3664;7
3665;7
3666;7
3667;7
3668;7
3669;7
3670;7
3671;7
3672;7
3673;7
3674;7
3675;7
3676;7
3677;7
3678;7
3679;7
3680;7
3681;7
3682;7
3683;7
3684;7
3685;7
3686;7
3687;7
3688;7
3689;7
3690;7
3691;7
3692;7
3693;7
3694;7
3695;7
3696;7
3697;7
3698;7
3699;7
3700;7
3701;7
3702;7
3703;7
3704;7
3705;7
3706;7
3707;7
3708;7
3709;7
3710;7
3711;7
3712;7
3713;7
3714;7
3715;7
3716;7
3717;7
3718;7
3719;7
3720;7
3721;7
3722;7
3723;7
3724;7
3725;7
3726;7
3727;7
3728;7
3729;7
3730;7
3731;7
3732;7
3733;7
3734;7
3735;7
3736;7
3737;7
3738;7
3739;7
3740;7
3741;7
3742;7
3743;7
3744;7
3745;7
3746;7
3747;7
3748;7
3749;4
3750;4
3751;4
3752;4
3753;4
3754;4
3755;4
3756;4
3757;4
3758;4
3759;4
3760;4
3761;4
3762;4
3763;4
3764;4
3765;4
3766;4
3767;4
3768;4
3769;4
3770;4
3771;4
3772;4
3773;4
3774;4
3775;4
3776;4
3777;7
3778;7
3779;7
3780;7
3781;7
3782;7
3783;7
3784;7
3785;7
3786;7
3787;7
3788;7
3789;7
3790;7
3791;7
3792;7
3793;7
3794;7
3795;7
3796;7
3797;7
3798;7
3799;7
3800;7
3801;7
3802;7
3803;7
3804;7
3805;7
3806;7
3807;7
3808;7
3809;7
3810;7
3811;7
3812;7
3813;7
3814;7
3815;7
3816;7
3817;7
3818;7
3819;7
3820;7
3821;7
3822;7
3823;7
3824;7
3825;7
3826;7
3827;7
3828;7
3829;7
3830;7
3831;7
3832;7
3833;7
3834;7
3835;7
3836;7
3837;7
3838;7
3839;7
3840;7
3841;7
3842;7
3843;7
3844;7
3845;7
3846;7
3847;7
3848;7
3849;7
3850;7
3851;7
3852;7
3853;7
3854;7
3855;7
3856;7
3857;7
3858;7
3859;7
3860;7
3861;7
3862;7
3863;7
3864;7
3865;7
3866;7
3867;7
3868;7
3869;7
3870;7
3871;7
3872;7
3873;7
3874;7
3875;7
3876;7
3877;7
3878;7
3879;7
3880;7
3881;7
3882;7
3883;7
3884;7
3885;7
3886;7
3887;7
3888;7
3889;7
3890;7
3891;7
3892;7
3893;7
3894;7
3895;7
3896;7
3897;7
3898;7
3899;7
3900;7
3901;7
3902;7
3903;7
3904;7
3905;7
3906;7
3907;7
3908;7
3909;7
3910;7
3911;7
3912;7
3913;7
3914;7
3915;7
3916;7
3917;7
3918;7
3919;7
3920;7
3921;7
3922;7
3923;7
3924;7
3925;7
3926;7
3927;7
3928;7
3929;7
3930;7
3931;7
3932;7
3933;7
3934;7
3935;7
3936;7
3937;7
3938;7
3939;7
3940;7
3941;7
3942;7
3943;7
3944;7
3945;7
3946;7
3947;7
3948;7
3949;7
3950;7
3951;7
3952;7
3953;7
3954;7
3955;7
3956;7
3957;7
3958;7
3959;7
3960;7
3961;7
3962;7
3963;7
3964;7
3965;7
3966;7
3967;7
3968;7
3969;7
3970;7
3971;7
3972;7
3973;7
3974;7
3975;7
3976;7
3977;7
3978;7
3979;7
3980;7
3981;7
3982;7
3983;7
3984;7
3985;7
3986;7
3987;7
3988;7
3989;7
3990;7
3991;7
3992;7
3993;7
3994;7
3995;7
3996;7
3997;7
3998;7
3999;7
4000;7
4001;7
4002;7
4003;7
4004;7
4005;7
4006;7
4007;7
4008;7
4009;7
4010;7
4011;7
4012;7
4013;7
4014;7
4015;7
4016;7
4017;7
4018;7
4019;7
4020;7
4021;7
4022;7
4023;7
4024;7
4025;7
4026;7
4027;7
4028;7
4029;7
4030;7
4031;7
4032;7
4033;7
4034;7
4035;7
4036;7
4037;7
4038;7
4039;7
4040;7
4041;7
4042;7
4043;7
4044;7
4045;7
4046;7
4047;7
4048;7
4049;7
4050;7
4051;7
4052;7
4053;7
4054;7
4055;7
4056;7
4057;7
4058;7
4059;7
4060;7
4061;7
4062;7
4063;7
4064;7
4065;7
4066;7
4067;7
4068;7
4069;7
4070;7
4071;7
4072;7
4073;7
4074;7
4075;7
4076;4
4077;4
4078;4
4079;4
4080;4
4081;4
4082;4
4083;6
4084;6
4085;6
4086;6
4087;6
4088;6
4089;6
4090;6
4091;3
4092;3
4093;3
4094;3
4095;3
4096;3
4097;3
4098;3
4099;3
4100;3
4101;3
4102;3
4103;3
4104;3
4105;3
4106;3
4107;3
4108;3
4109;3
4110;4
4111;4
4112;4
4113;4
4114;4
4115;4
4116;4
4117;4
4118;4
4119;4
4120;4
4121;4
4122;4
4123;4
4124;4
4125;4
4126;4
4127;4
4128;4
4129;4
4130;4
4131;4
4132;4
4133;4
4134;4
4135;4
4136;4
4137;4
4138;4
4139;4
4140;4
4141;4
4142;4
4143;4
4144;4
4145;4
4146;4
4147;4
4148;4
4149;4
4150;4
4151;4
4152;4
4153;4
4154;4
4155;4
4156;4
4157;4
4158;4
4159;4
4160;4
4161;4
4162;4
4163;4
4164;4
4165;4
4166;4
4167;4
4168;4
4169;4
4170;4
4171;4
4172;3
4173;3
4174;3
4175;3
4176;3
4177;3
4178;3
4179;3
4180;3
4181;3
4182;3
4183;3
4184;3
4185;4
4186;4
4187;4
4188;4
4189;4
4190;4
4191;4
4192;4
4193;4
4194;4
4195;4
4196;4
4197;4
4198;4
4199;4
4200;4
4201;3
4202;3
4203;3
4204;3
4205;3
4206;3
4207;3
4208;3
4209;3
4210;4
4211;4
4212;4
4213;4
4214;4
4215;4
4216;4
4217;4
4218;4
4219;4
4220;3
4221;3
4222;3
4223;3
4224;3
4225;3
4226;3
4227;3
4228;3
4229;3
4230;3
4231;3
4232;3
4233;3
4234;3
4235;3
4236;3
4237;3
4238;3
4239;3
4240;3
4241;3
4242;3
4243;4
4244;4
4245;4
4246;4
4247;4
4248;4
4249;4
4250;4
4251;3
4252;3
4253;3
4254;3
4255;3
4256;3
4257;3
4258;3
4259;3
4260;3
4261;3
4262;3
4263;3
4264;3
4265;3
4266;3
4267;3
4268;3
4269;3
4270;3
4271;3
4272;3
4273;3
4274;6
4275;6
4276;6
4277;6
4278;6
4279;6
4280;6
4281;6
4282;6
4283;6
4284;6
4285;6
4286;3
4287;3
4288;3
4289;3
4290;3
4291;3
4292;3
4293;3
4294;3
4295;3
4296;3
4297;3
4298;3
4299;3
4300;3
4301;3
4302;3
4303;6
4304;6
4305;6
4306;6
4307;6
4308;6
4309;6
4310;6
4311;6
4312;3
4313;3
4314;3
4315;3
4316;3
4317;3
4318;3
4319;3
4320;3
4321;3
4322;3
4323;3
4324;3
4325;3
4326;3
4327;3
4328;3
4329;3
4330;3
4331;3
4332;3
4333;3
4334;3
4335;3
4336;3
4337;3
4338;3
4339;3
4340;3
4341;3
4342;3
4343;3
4344;3
4345;3
4346;3
4347;3
4348;3
4349;3
4350;3
4351;3
4352;3
4353;3
4354;3
4355;3
4356;3
4357;3
4358;3
4359;3
4360;3
4361;3
4362;3
4363;3
4364;3
4365;3
4366;3
4367;3
4368;4
4369;4
4370;4
4371;4
4372;4
4373;4
4374;4
4375;4
4376;4
4377;4
4378;4
4379;4
4380;4
4381;4
4382;4
4383;4
4384;4
4385;4
4386;4
4387;4
4388;4
4389;4
4390;4
4391;4
4392;4
4393;4
4394;4
4395;4
4396;4
4397;4
4398;4
4399;4
4400;4
4401;4
4402;4
4403;4
4404;4
4405;4
4406;4
4407;4
4408;4
4409;4
4410;4
4411;4
4412;4
4413;4
4414;4
4415;4
4416;4
4417;4
4418;4
4419;4
4420;4
4421;4
4422;4
4423;4
4424;4
4425;4
4426;4
4427;4
4428;4
4429;4
4430;4
4431;4
4432;4
4433;4
4434;4
4435;4
4436;4
4437;4
4438;4
4439;3
4440;3
4441;3
4442;5
4443;5
4444;5
4445;5
4446;5
4447;5
4448;5
4449;5
4450;5
4451;5
4452;5
4453;5
4454;5
4455;3
4456;3
4457;3
4458;3
4459;3
4460;3
4461;3
4462;3
4463;3
4464;3
4465;3
4466;4
4467;4
4468;4
4469;4
4470;4
4471;4
4472;4
4473;4
4474;4
4475;4
4476;4
4477;4
4478;4
4479;4
4480;4
4481;4
4482;4
4483;4
4484;4
4485;4
4486;4
4487;4
4488;4
4489;4
4490;4
4491;4
4492;4
4493;4
4494;4
4495;4
4496;4
4497;4
4498;4
4499;4
4500;4
4501;4
4502;4
4503;4
4504;4
4505;4
4506;4
4507;4
4508;4
4509;4
4510;4
4511;4
4512;4
4513;4
4514;6
4515;6
4516;6
4517;6
4518;6
4519;6
4520;6
4521;6
4522;6
4523;6
4524;6
4525;6
4526;6
4527;6
4528;6
4529;6
4530;6
4531;3
4532;3
4533;3
4534;3
4535;3
4536;3
4537;3
4538;3
4539;3
4540;3
4541;3
4542;3
4543;3
4544;3
4545;3
4546;3
4547;3
4548;3
4549;3
4550;3
4551;3
4552;3
4553;3
4554;3
4555;3
4556;3
4557;3
4558;3
4559;3
4560;3
4561;3
4562;3
4563;3
4564;3
4565;3
4566;3
4567;3
4568;3
4569;3
4570;3
4571;3
4572;3
4573;3
4574;3
4575;3
4576;3
4577;3
4578;3
4579;3
4580;3
4581;3
4582;3
4583;3
4584;3
4585;3
4586;3
4587;3
4588;3
4589;3
4590;3
4591;3
4592;3
4593;3
4594;3
4595;3
4596;3
4597;3
4598;3
4599;3
4600;3
4601;3
4602;3
4603;3
4604;3
4605;3
4606;3
4607;3
4608;3
4609;3
4610;3
4611;3
4612;3
4613;3
4614;3
4615;3
4616;3
4617;3
4618;3
4619;3
4620;3
4621;3
4622;3
4623;5
4624;5
4625;5
4626;5
4627;5
4628;5
4629;5
4630;5
4631;5
4632;5
4633;5
4634;5
4635;5
4636;5
4637;5
4638;5
4639;5
4640;5
4641;5
4642;5
4643;5
4644;5
4645;5
4646;5
4647;5
4648;5
4649;5
4650;5
4651;5
4652;5
4653;5
4654;5
4655;5
4656;5
4657;5
4658;5
4659;5
4660;5
4661;5
4662;4
4663;4
4664;4
4665;4
4666;4
4667;4
4668;4
4669;4
4670;4
4671;4
4672;4
4673;4
4674;4
4675;4
4676;4
4677;4
4678;4
4679;4
4680;4
4681;3
4682;3
4683;3
4684;3
4685;3
4686;3
4687;3
4688;3
4689;3
4690;3
4691;3
4692;3
4693;3
4694;4
4695;4
4696;4
4697;4
4698;4
4699;4
4700;4
4701;7
4702;7
4703;7
4704;7
4705;7
4706;7
4707;7
4708;7
4709;7
4710;7
4711;7
4712;7
4713;7
4714;7
4715;7
4716;7
4717;7
4718;7
4719;7
4720;7
4721;7
4722;7
4723;7
4724;7
4725;7
4726;7
4727;7
4728;7
4729;7
4730;7
4731;7
4732;7
4733;7
4734;7
4735;4
4736;4
4737;4
4738;4
4739;4
4740;4
4741;4
4742;4
4743;4
4744;4
4745;4
4746;4
4747;4
4748;3
4749;3
4750;3
4751;3
4752;3
4753;3
4754;3
4755;3
4756;3
4757;3
4758;3
4759;3
4760;3
4761;3
4762;3
4763;3
4764;3
4765;3
4766;3
4767;3
4768;3
4769;3
4770;3
4771;3
4772;3
4773;3
4774;3
4775;3
4776;3
4777;3
4778;3
4779;3
4780;3
4781;3
4782;3
4783;3
4784;3
4785;3
4786;3
4787;3
4788;3
4789;3
4790;3
4791;3
4792;3
4793;3
4794;3
4795;3
4796;3
4797;3
4798;3
4799;3
4800;3
4801;3
4802;3
4803;4
4804;4
4805;4
4806;4
4807;4
4808;4
4809;4
4810;4
4811;4
4812;4
4813;4
4814;4
4815;4
4816;4
4817;4
4818;4
4819;4
4820;4
4821;4
4822;4
4823;4
4824;4
4825;4
4826;4
4827;4
4828;4
4829;4
4830;4
4831;4
4832;4
4833;4
4834;4
4835;4
4836;4
4837;4
4838;3
4839;3
4840;3
4841;3
4842;3
4843;3
4844;3
4845;3
4846;3
4847;3
4848;3
4849;3
4850;3
4851;3
4852;3
4853;3
4854;3
4855;3
4856;3
4857;4
4858;4
4859;4
4860;4
4861;4
4862;4
4863;4
4864;6
4865;6
4866;6
4867;6
4868;6
4869;6
4870;6
4871;6
4872;6
4873;6
4874;6
4875;6
4876;6
4877;6
4878;6
4879;6
4880;6
4881;6
4882;6
4883;6
4884;3
4885;3
4886;3
4887;3
4888;3
4889;3
4890;3
4891;3
4892;3
4893;3
4894;3
4895;3
4896;3
4897;3
4898;3
4899;3
4900;3
4901;3
4902;3
4903;3
4904;3
4905;3
4906;3
4907;3
4908;2
4909;2
4910;2
4911;2
4912;2
4913;2
4914;2
4915;2
4916;2
4917;2
4918;2
4919;2
4920;2
4921;2
4922;4
4923;4
4924;4
4925;4
4926;4
4927;4
4928;4
4929;4
4930;4
4931;4
4932;4
4933;4
4934;4
4935;4
4936;4
4937;4
4938;4
4939;4
4940;4
4941;4
4942;4
4943;4
4944;4
4945;4
4946;4
4947;4
4948;4
4949;4
4950;4
4951;4
4952;4
4953;4
4954;4
4955;4
4956;4
4957;4
4958;4
4959;4
4960;4
4961;4
4962;3
4963;3
4964;3
4965;4
4966;4
4967;4
4968;4
4969;4
4970;4
4971;4
4972;4
4973;4
4974;4
4975;4
4976;4
4977;4
4978;4
4979;4
4980;4
4981;4
4982;4
4983;4
4984;4
4985;4
4986;4
4987;4
4988;4
4989;4
4990;4
4991;4
4992;4
4993;3
4994;3
4995;3
4996;3
4997;3
4998;3
4999;3
5000;3
5001;3
5002;3
5003;3
5004;3
5005;3
5006;3
5007;3
5008;3
5009;4
5010;4
5011;4
5012;4
5013;4
5014;4
5015;4
5016;4
5017;4
5018;4
5019;4
5020;4
5021;4
5022;4
5023;4
5024;4
5025;4
5026;4
5027;4
5028;4
5029;4
5030;4
5031;4
5032;4
5033;4
5034;4
5035;4
5036;4
5037;4
5038;4
5039;4
5040;4
5041;4
5042;4
5043;4
5044;4
5045;4
5046;4
5047;4
5048;4
5049;4
5050;4
5051;4
5052;4
5053;4
5054;4
5055;4
5056;3
5057;3
5058;3
5059;3
5060;3
5061;3
5062;3
5063;3
5064;3
5065;3
5066;3
5067;3
5068;3
5069;3
5070;3
5071;3
5072;3
5073;3
5074;4
5075;4
5076;4
5077;4
5078;4
5079;4
5080;4
5081;4
5082;4
5083;4
5084;4
5085;4
5086;4
5087;4
5088;4
5089;4
5090;3
5091;3
5092;3
5093;3
5094;4
5095;4
5096;4
5097;4
5098;4
5099;4
5100;4
5101;4
5102;4
5103;4
5104;4
5105;4
5106;4
5107;4
5108;4
5109;4
5110;4
5111;4
5112;4
5113;4
5114;4
5115;4
5116;4
5117;4
5118;4
5119;4
5120;3
5121;3
5122;3
5123;3
5124;5
5125;5
5126;5
5127;5
5128;5
5129;5
5130;5
5131;5
5132;5
5133;5
5134;5
5135;5
5136;5
5137;5
5138;5
5139;5
5140;5
5141;5
5142;5
5143;5
5144;5
5145;5
5146;3
5147;3
5148;3
5149;3
5150;3
5151;3
5152;3
5153;3
5154;3
5155;3
5156;3
5157;3
5158;3
5159;4
5160;4
5161;4
5162;4
5163;4
5164;4
5165;4
5166;4
5167;4
5168;4
5169;4
5170;4
5171;4
5172;4
5173;4
5174;4
5175;4
5176;4
5177;4
5178;4
5179;4
5180;4
5181;4
5182;4
5183;4
5184;3
5185;3
5186;3
5187;3
5188;3
5189;3
5190;3
5191;3
5192;3
5193;3
5194;3
5195;3
5196;3
5197;3
5198;3
5199;3
5200;3
5201;3
5202;3
5203;3
5204;3
5205;3
5206;3
5207;3
5208;3
5209;3
5210;3
5211;3
5212;3
5213;3
5214;3
5215;3
5216;3
5217;3
5218;3
5219;3
5220;3
5221;3
5222;3
5223;4
5224;4
5225;4
5226;4
5227;4
5228;4
5229;4
5230;4
5231;4
5232;4
5233;4
5234;4
5235;4
5236;3
5237;3
5238;3
5239;3
5240;3
5241;3
5242;3
5243;3
5244;3
5245;3
5246;3
5247;3
5248;3
5249;3
5250;3
5251;3
5252;3
5253;3
5254;3
5255;3
5256;3
5257;3
5258;3
5259;4
5260;4
5261;4
5262;4
5263;4
5264;4
5265;4
5266;4
5267;4
5268;4
5269;4
5270;4
5271;4
5272;4
5273;4
5274;4
5275;4
5276;4
5277;4
5278;4
5279;4
5280;3
5281;3
5282;3
5283;3
5284;3
5285;3
5286;3
5287;3
5288;3
5289;3
5290;4
5291;4
5292;4
5293;4
5294;4
5295;4
5296;4
5297;4
5298;4
5299;4
5300;3
5301;3
5302;3
5303;3
5304;3
5305;3
5306;3
5307;3
5308;3
5309;3
5310;3
5311;3
5312;3
5313;4
5314;4
5315;4
5316;4
5317;4
5318;4
5319;6
5320;6
5321;6
5322;6
5323;6
5324;6
5325;6
5326;6
5327;3
5328;3
5329;3
5330;3
5331;3
5332;3
5333;3
5334;3
5335;3
5336;3
5337;3
5338;3
5339;3
5340;3
5341;3
5342;3
5343;3
5344;3
5345;3
5346;4
5347;4
5348;4
5349;4
5350;4
5351;4
5352;4
5353;4
5354;4
5355;4
5356;4
5357;4
5358;4
5359;4
5360;4
5361;4
5362;4
5363;4
5364;4
5365;4
5366;4
5367;4
5368;4
5369;4
5370;4
5371;4
5372;4
5373;4
5374;4
5375;4
5376;4
5377;4
5378;4
5379;4
5380;4
5381;4
5382;4
5383;4
5384;4
5385;4
5386;4
5387;4
5388;4
5389;4
5390;4
5391;4
5392;4
5393;4
5394;4
5395;4
5396;4
5397;4
5398;4
5399;4
5400;4
5401;4
5402;4
5403;4
5404;4
5405;4
5406;4
5407;4
5408;4
5409;4
5410;4
5411;4
5412;4
5413;4
5414;4
5415;3
5416;3
5417;3
5418;3
5419;3
5420;3
5421;3
5422;3
5423;3
5424;3
5425;4
5426;4
5427;4
5428;4
5429;4
5430;4
5431;4
5432;4
5433;4
5434;4
5435;4
5436;4
5437;4
5438;4
5439;4
5440;4
5441;4
5442;4
5443;4
5444;4
5445;4
5446;4
5447;4
5448;4
5449;4
5450;4
5451;4
5452;4
5453;4
5454;4
5455;4
5456;4
5457;4
5458;4
5459;4
5460;4
5461;4
5462;4
5463;4
5464;4
5465;4
5466;4
5467;4
5468;4
5469;4
5470;4
5471;4
5472;4
5473;4
5474;4
5475;4
5476;4
5477;4
5478;4
5479;4
5480;4
5481;4
5482;4
5483;4
5484;4
5485;4
5486;4
5487;4
5488;4
5489;4
5490;4
5491;4
5492;4
5493;4
5494;4
5495;4
5496;4
5497;4
5498;4
5499;4
5500;4
5501;4
5502;4
5503;4
5504;4
5505;4
5506;4
5507;4
5508;4
5509;4
5510;4
5511;4
5512;4
5513;4
5514;4
5515;4
5516;4
5517;4
5518;4
5519;4
5520;4
5521;4
5522;4
5523;4
5524;4
5525;4
5526;4
5527;4
5528;4
5529;4
5530;4
5531;4
5532;4
5533;4
5534;4
5535;4
5536;4
5537;4
5538;4
5539;4
5540;4
5541;4
5542;4
5543;4
5544;4
5545;4
5546;4
5547;4
5548;4
5549;4
5550;4
5551;4
5552;4
5553;4
5554;4
5555;4
5556;4
5557;4
5558;4
5559;4
5560;4
5561;4
5562;4
5563;4
5564;4
5565;4
5566;4
5567;4
5568;4
5569;4
5570;4
5571;4
5572;4
5573;4
5574;4
5575;4
5576;4
5577;7
5578;7
5579;7
5580;7
5581;7
5582;7
5583;7
5584;7
5585;7
5586;7
5587;7
5588;7
5589;7
5590;7
5591;7
5592;7
5593;7
5594;7
5595;7
5596;7
5597;7
5598;7
5599;7
5600;7
5601;7
5602;7
5603;7
5604;7
5605;7
5606;4
5607;4
5608;4
5609;4
5610;4
5611;4
5612;4
5613;4
5614;4
5615;4
5616;4
5617;4
5618;4
5619;4
5620;4
5621;4
5622;4
5623;4
5624;4
5625;4
5626;4
5627;4
5628;4
5629;4
5630;4
5631;4
5632;4
5633;4
5634;4
5635;4
5636;4
5637;4
5638;4
5639;4
5640;4
5641;3
5642;3
5643;3
5644;3
5645;3
5646;3
5647;4
5648;4
5649;4
5650;4
5651;4
5652;4
5653;4
5654;4
5655;4
5656;4
5657;4
5658;4
5659;4
5660;4
5661;4
5662;4
5663;4
5664;4
5665;3
5666;3
5667;3
5668;3
5669;3
5670;3
5671;3
5672;3
5673;4
5674;4
5675;4
5676;4
5677;4
5678;4
5679;4
5680;4
5681;4
5682;4
5683;4
5684;4
5685;4
5686;4
5687;4
5688;4
5689;4
5690;4
5691;4
5692;4
5693;4
5694;4
5695;4
5696;4
5697;4
5698;4
5699;4
5700;4
5701;4
5702;4
5703;4
5704;4
5705;4
5706;4
5707;4
5708;4
5709;4
5710;4
5711;4
5712;4
5713;4
5714;4
5715;4
5716;4
5717;4
5718;4
5719;4
5720;4
5721;4
5722;4
5723;4
5724;4
5725;4
5726;4
5727;4
5728;4
5729;4
5730;4
5731;4
5732;4
5733;4
5734;3
5735;3
5736;7
5737;7
5738;7
5739;7
5740;7
5741;7
5742;7
5743;7
5744;7
5745;7
5746;7
5747;7
5748;7
5749;7
5750;7
5751;7
5752;7
5753;7
5754;7
5755;7
5756;7
5757;7
5758;7
5759;7
5760;7
5761;7
5762;7
5763;7
5764;7
5765;7
5766;7
5767;7
5768;7
5769;7
5770;7
5771;7
5772;7
5773;7
5774;7
5775;7
5776;7
5777;7
5778;7
5779;7
5780;7
5781;7
5782;7
5783;7
5784;7
5785;7
5786;7
5787;7
5788;7
5789;7
5790;7
5791;7
5792;7
5793;7
5794;7
5795;7
5796;7
5797;7
5798;7
5799;7
5800;7
5801;7
5802;7
5803;7
5804;7
5805;7
5806;7
5807;7
5808;7
5809;7
5810;7
5811;7
5812;7
5813;7
5814;7
5815;7
5816;7
5817;7
5818;7
5819;7
5820;7
5821;7
5822;7
5823;7
5824;7
5825;7
5826;7
5827;7
5828;7
5829;7
5830;7
5831;7
5832;7
5833;7
5834;7
5835;7
5836;7
5837;7
5838;7
5839;7
5840;7
5841;7
5842;7
5843;7
5844;7
5845;7
5846;7
5847;7
5848;7
5849;7
5850;7
5851;7
5852;7
5853;7
5854;7
5855;7
5856;7
5857;7
5858;7
5859;7
5860;7
5861;7
5862;7
5863;7
5864;7
5865;7
5866;7
5867;7
5868;7
5869;7
5870;7
5871;7
5872;7
5873;7
5874;7
5875;7
5876;7
5877;7
5878;7
5879;7
5880;7
5881;7
5882;7
5883;7
5884;7
5885;7
5886;7
5887;7
5888;7
5889;7
5890;7
5891;3
5892;3
5893;3
5894;3
5895;3
5896;3
5897;3
5898;3
5899;3
5900;3
5901;3
5902;3
5903;3
5904;3
5905;3
5906;3
5907;3
5908;3
5909;3
5910;3
5911;3
5912;3
5913;3
5914;3
5915;3
5916;3
5917;3
5918;3
5919;3
5920;3
5921;3
5922;3
5923;3
5924;3
5925;4
5926;4
5927;4
5928;4
5929;4
5930;4
5931;4
5932;4
5933;4
5934;4
5935;4
5936;4
5937;4
5938;4
5939;4
5940;4
5941;4
5942;4
5943;4
5944;4
5945;4
5946;4
5947;4
5948;4
5949;4
5950;4
5951;4
5952;4
5953;4
5954;4
5955;4
5956;4
5957;4
5958;4
5959;4
5960;4
5961;4
5962;4
5963;4
5964;4
5965;4
5966;4
5967;4
5968;4
5969;4
5970;4
5971;4
5972;4
5973;4
5974;4
5975;3
5976;3
5977;3
5978;4
5979;4
5980;4
5981;4
5982;4
5983;4
5984;4
5985;4
5986;4
5987;4
5988;4
5989;4
5990;4
5991;4
5992;4
5993;4
5994;4
5995;4
5996;4
5997;4
5998;4
5999;4
6000;4
6001;4
6002;4
6003;4
6004;4
6005;4
6006;4
6007;4
6008;4
6009;4
6010;4
6011;4
6012;4
6013;4
6014;4
6015;4
6016;3
6017;3
6018;3
6019;3
6020;3
6021;3
6022;3
6023;3
6024;7
6025;7
6026;7
6027;7
6028;7
6029;7
6030;7
6031;7
6032;7
6033;7
6034;7
6035;7
6036;7
6037;7
6038;7
6039;7
6040;7
6041;7
6042;7
6043;7
6044;7
6045;7
6046;7
6047;7
6048;7
6049;7
6050;7
6051;7
6052;7
6053;7
6054;7
6055;7
6056;7
6057;7
6058;7
6059;7
6060;7
6061;7
6062;7
6063;7
6064;7
6065;7
6066;7
6067;7
6068;7
6069;7
6070;7
6071;7
6072;7
6073;7
6074;7
6075;7
6076;7
6077;7
6078;7
6079;7
6080;7
6081;7
6082;7
6083;7
6084;7
6085;7
6086;7
6087;7
6088;7
6089;7
6090;7
6091;7
6092;7
6093;7
6094;7
6095;7
6096;7
6097;7
6098;7
6099;7
6100;7
6101;7
6102;7
6103;7
6104;7
6105;7
6106;7
6107;7
6108;7
6109;7
6110;7
6111;7
6112;7
6113;7
6114;7
6115;7
6116;7
6117;7
6118;7
6119;7
6120;7
6121;7
6122;7
6123;7
6124;7
6125;7
6126;7
6127;7
6128;7
6129;7
6130;7
6131;7
6132;7
6133;7
6134;7
6135;7
6136;7
6137;7
6138;7
6139;7
6140;7
6141;7
6142;7
6143;7
6144;7
6145;7
6146;7
6147;7
6148;7
6149;7
6150;7
6151;7
6152;7
6153;7
6154;7
6155;7
6156;7
6157;7
6158;4
6159;4
6160;4
6161;4
6162;4
6163;4
6164;4
6165;4
6166;4
6167;4
6168;4
6169;4
6170;4
6171;4
6172;4
6173;4
6174;4
6175;4
6176;4
6177;4
6178;4
6179;3
6180;3
6181;3
6182;3
6183;3
6184;3
6185;3
6186;3
6187;3
6188;3
6189;3
6190;3
6191;3
6192;3
6193;3
6194;3
6195;3
6196;3
6197;3
6198;3
6199;3
6200;3
6201;3
6202;3
6203;3
6204;3
6205;3
6206;3
6207;4
6208;4
6209;4
6210;4
6211;4
6212;4
6213;4
6214;4
6215;4
6216;4
6217;4
6218;4
6219;4
6220;4
6221;4
6222;4
6223;4
6224;4
6225;4
6226;4
6227;4
6228;4
6229;4
6230;4
6231;4
6232;4
6233;4
6234;4
6235;4
6236;4
6237;4
6238;4
6239;3
6240;3
6241;3
6242;3
6243;3
6244;3
6245;3
6246;3
6247;3
6248;3
6249;7
6250;7
6251;7
6252;7
6253;7
6254;7
6255;7
6256;7
6257;7
6258;7
6259;7
6260;7
6261;7
6262;7
6263;7
6264;7
6265;7
6266;7
6267;7
6268;7
6269;7
6270;7
6271;7
6272;7
6273;7
6274;7
6275;7
6276;7
6277;7
6278;7
6279;7
6280;7
6281;7
6282;7
6283;7
6284;7
6285;7
6286;7
6287;7
6288;7
6289;7
6290;7
6291;7
6292;7
6293;7
6294;7
6295;7
6296;7
6297;7
6298;7
6299;7
6300;7
6301;7
6302;7
6303;7
6304;7
6305;7
6306;7
6307;7
6308;7
6309;7
6310;7
6311;7
6312;7
6313;7
6314;7
6315;7
6316;4
6317;4
6318;4
6319;4
6320;4
6321;4
6322;4
6323;4
6324;4
6325;4
6326;4
6327;4
6328;4
6329;4
6330;4
6331;4
6332;4
6333;4
6334;4
6335;4
6336;4
6337;4
6338;4
6339;4
6340;4
6341;4
6342;4
6343;4
6344;4
6345;4
6346;4
6347;4
6348;3
6349;3
6350;3
6351;3
6352;3
6353;3
6354;3
6355;3
6356;3
6357;3
6358;3
6359;3
6360;3
6361;3
6362;3
6363;3
6364;3
6365;3
6366;3
6367;3
6368;3
6369;3
6370;3
6371;3
6372;3
6373;3
6374;5
6375;5
6376;5
6377;5
6378;5
6379;5
6380;5
6381;5
6382;5
6383;5
6384;5
6385;5
6386;5
6387;5
6388;5
6389;3
6390;3
6391;3
6392;3
6393;3
6394;3
6395;3
6396;3
6397;3
6398;3
6399;3
6400;3
6401;3
6402;3
6403;3
6404;3
6405;3
6406;3
6407;3
6408;3
6409;3
6410;3
6411;3
6412;3
6413;3
6414;3
6415;3
6416;3
6417;3
6418;3
6419;3
6420;3
6421;3
6422;3
6423;3
6424;3
6425;3
6426;3
6427;3
6428;3
6429;3
6430;3
6431;3
6432;3
6433;3
6434;3
6435;3
6436;5
6437;5
6438;5
6439;5
6440;5
6441;5
6442;5
6443;5
6444;5
6445;5
6446;5
6447;5
6448;5
6449;5
6450;5
6451;5
6452;5
6453;5
6454;5
6455;5
6456;5
6457;5
6458;5
6459;5
6460;5
6461;5
6462;5
6463;5
6464;5
6465;5
6466;5
6467;5
6468;5
6469;5
6470;5
6471;5
6472;5
6473;5
6474;5
6475;5
6476;5
6477;5
6478;5
6479;5
6480;5
6481;5
6482;5
6483;5
6484;5
6485;5
6486;5
6487;5
6488;5
6489;4
6490;4
6491;4
6492;4
6493;4
6494;4
6495;4
6496;4
6497;4
6498;4
6499;4
6500;4
6501;4
6502;4
6503;4
6504;4
6505;4
6506;4
6507;4
6508;4
6509;4
6510;4
6511;4
6512;4
6513;4
6514;4
6515;4
6516;4
6517;4
6518;4
6519;4
6520;4
6521;4
6522;4
6523;4
6524;4
6525;4
6526;4
6527;4
6528;4
6529;4
6530;4
6531;4
6532;4
6533;4
6534;4
6535;4
6536;3
6537;3
6538;3
6539;3
6540;3
6541;3
6542;3
6543;3
6544;3
6545;3
6546;3
6547;3
6548;3
6549;3
6550;3
6551;3
6552;3
6553;4
6554;4
6555;4
6556;4
6557;4
6558;4
6559;4
6560;4
6561;4
6562;4
6563;4
6564;4
6565;4
6566;4
6567;4
6568;4
6569;4
6570;4
6571;3
6572;3
6573;3
6574;3
6575;3
6576;3
6577;3
6578;3
6579;3
6580;3
6581;3
6582;3
6583;3
6584;3
6585;3
6586;3
6587;3
6588;3
6589;3
6590;3
6591;3
6592;3
6593;3
6594;3
6595;3
6596;3
6597;3
6598;3
6599;5
6600;5
6601;5
6602;5
6603;5
6604;5
6605;5
6606;5
6607;5
6608;5
6609;5
6610;5
6611;5
6612;5
6613;5
6614;5
6615;5
6616;5
6617;5
6618;5
6619;5
6620;5
6621;5
6622;5
6623;5
6624;5
6625;5
6626;5
6627;5
6628;5
6629;5
6630;5
6631;5
6632;5
6633;5
6634;5
6635;5
6636;5
6637;5
6638;5
6639;5
6640;5
6641;5
6642;5
6643;5
6644;5
6645;5
6646;5
6647;5
6648;2
6649;2
6650;2
6651;2
6652;2
6653;2
6654;2
6655;2
6656;2
6657;2
6658;2
6659;2
6660;2
6661;2
6662;2
6663;2
6664;2
6665;2
6666;2
6667;2
6668;2
6669;2
6670;2
6671;2
6672;2
6673;2
6674;2
6675;2
6676;2
6677;2
6678;2
6679;2
6680;2
6681;2
6682;2
6683;2
6684;2
6685;2
6686;5
6687;5
6688;5
6689;5
6690;5
6691;5
6692;5
6693;5
6694;5
6695;5
6696;5
6697;5
6698;5
6699;5
6700;5
6701;5
6702;5
6703;5
6704;5
6705;5
6706;5
6707;5
6708;5
6709;5
6710;5
6711;5
6712;5
6713;5
6714;5
6715;5
6716;5
6717;5
6718;5
6719;5
6720;5
6721;5
6722;5
6723;5
6724;5
6725;5
6726;5
6727;5
6728;5
6729;5
6730;5
6731;5
6732;5
6733;5
6734;5
6735;5
6736;5
6737;3
6738;3
6739;3
6740;3
6741;3
6742;3
6743;5
6744;5
6745;5
6746;5
6747;5
6748;5
6749;5
6750;5
6751;5
6752;5
6753;5
6754;5
6755;5
6756;5
6757;5
6758;5
6759;5
6760;5
6761;5
6762;5
6763;5
6764;5
6765;5
6766;5
6767;5
6768;5
6769;5
6770;3
6771;3
6772;3
6773;3
6774;5
6775;5
6776;5
6777;5
6778;5
6779;5
6780;5
6781;5
6782;5
6783;5
6784;5
6785;5
6786;5
6787;5
6788;5
6789;5
6790;5
6791;5
6792;5
6793;5
6794;5
6795;5
6796;5
6797;5
6798;5
6799;5
6800;5
6801;5
6802;5
6803;5
6804;5
6805;5
6806;5
6807;3
6808;3
6809;3
6810;3
6811;3
6812;3
6813;3
6814;5
6815;5
6816;5
6817;5
6818;5
6819;5
6820;5
6821;5
6822;5
6823;5
6824;5
6825;5
6826;5
6827;5
6828;5
6829;5
6830;5
6831;5
6832;5
6833;5
6834;5
6835;5
6836;5
6837;5
6838;5
6839;5
6840;5
6841;5
6842;5
6843;3
6844;3
6845;3
6846;3
6847;3
6848;3
6849;3
6850;3
6851;4
6852;4
6853;4
6854;4
6855;4
6856;4
6857;4
6858;4
6859;4
6860;4
6861;4
6862;4
6863;4
6864;3
6865;3
6866;3
6867;3
6868;3
6869;3
6870;3
6871;3
6872;3
6873;3
6874;3
6875;2
6876;2
6877;2
6878;2
6879;2
6880;2
6881;2
6882;2
6883;5
6884;5
6885;5
6886;5
6887;5
6888;5
6889;3
6890;3
6891;3
6892;3
6893;3
6894;3
6895;3
6896;3
6897;3
6898;3
6899;3
6900;3
6901;3
6902;4
6903;4
6904;4
6905;4
6906;4
6907;4
6908;4
6909;4
6910;4
6911;6
6912;6
6913;6
6914;6
6915;6
6916;6
6917;6
6918;6
6919;6
6920;6
6921;6
6922;6
6923;6
6924;6
6925;6
6926;6
6927;6
6928;6
6929;6
6930;6
6931;6
6932;6
6933;6
6934;6
6935;6
6936;6
6937;6
6938;6
6939;6
6940;6
6941;6
6942;6
6943;6
6944;6
6945;6
6946;6
6947;6
6948;6
6949;6
6950;3
6951;3
6952;3
6953;3
6954;5
6955;5
6956;5
6957;5
6958;5
6959;5
6960;5
6961;5
6962;5
6963;5
6964;5
6965;5
6966;5
6967;5
6968;5
6969;5
6970;5
6971;5
6972;5
6973;5
6974;5
6975;5
6976;5
6977;5
6978;5
6979;5
6980;5
6981;5
6982;5
6983;5
6984;5
6985;5
6986;5
6987;5
6988;5
6989;5
6990;5
6991;5
6992;5
6993;5
6994;5
6995;5
6996;5
6997;5
6998;5
6999;5
7000;5
7001;5
7002;5
7003;5
7004;5
7005;5
7006;5
7007;5
7008;5
7009;5
7010;5
7011;5
7012;5
7013;5
7014;5
7015;5
7016;5
7017;5
7018;5
7019;5
7020;5
7021;5
7022;5
7023;5
7024;5
7025;3
7026;3
7027;3
7028;3
7029;3
7030;3
7031;6
7032;6
7033;6
7034;6
7035;6
7036;5
7037;5
7038;5
7039;5
7040;5
7041;5
7042;5
7043;5
7044;5
7045;5
7046;5
7047;5
7048;5
7049;5
7050;5
7051;5
7052;5
7053;5
7054;5
7055;5
7056;5
7057;5
7058;5
7059;5
7060;3
7061;3
7062;3
7063;3
7064;3
7065;3
7066;6
7067;6
7068;6
7069;6
7070;6
7071;6
7072;6
7073;6
7074;6
7075;6
7076;6
7077;6
7078;6
7079;3
7080;3
7081;3
7082;3
7083;3
7084;3
7085;3
7086;3
7087;3
7088;3
7089;3
7090;6
7091;6
7092;6
7093;6
7094;3
7095;3
7096;3
7097;3
7098;3
7099;3
7100;3
7101;3
7102;3
7103;3
7104;3
7105;3
7106;3
7107;3
7108;3
7109;3
7110;3
7111;3
7112;3
7113;3
7114;3
7115;3
7116;3
7117;3
7118;3
7119;3
7120;3
7121;3
7122;3
7123;3
7124;3
7125;4
7126;4
7127;4
7128;4
7129;4
7130;4
7131;4
7132;4
7133;4
7134;4
7135;4
7136;6
7137;6
7138;6
7139;6
7140;6
7141;6
7142;6
7143;6
7144;6
7145;6
7146;6
7147;6
7148;3
7149;3
7150;3
7151;3
7152;3
7153;3
7154;3
7155;3
7156;3
7157;3
7158;3
7159;3
7160;3
7161;3
7162;3
7163;3
7164;4
7165;4
7166;4
7167;4
7168;4
7169;4
7170;4
7171;4
7172;4
7173;4
7174;4
7175;4
7176;4
7177;4
7178;4
7179;4
7180;4
7181;3
7182;3
7183;3
7184;3
7185;3
7186;3
7187;3
7188;3
7189;3
7190;3
7191;3
7192;3
7193;3
7194;3
7195;3
7196;3
7197;3
7198;3
7199;3
7200;3
7201;3
7202;3
7203;3
7204;3
7205;3
7206;3
7207;3
7208;3
7209;3
7210;3
7211;3
7212;3
7213;4
7214;4
7215;4
7216;4
7217;4
7218;4
7219;4
7220;4
7221;3
7222;3
7223;3
7224;3
7225;3
7226;3
7227;3
7228;3
7229;3
7230;3
7231;3
7232;3
7233;3
7234;3
7235;3
7236;3
7237;3
7238;3
7239;3
7240;3
7241;3
7242;3
7243;3
7244;3
7245;3
7246;3
7247;3
7248;3
7249;3
7250;3
7251;3
7252;3
7253;3
7254;3
7255;3
7256;3
7257;3
7258;3
7259;3
7260;3
7261;3
7262;3
7263;3
7264;3
7265;3
7266;3
7267;3
7268;3
7269;3
7270;3
7271;3
7272;3
7273;3
7274;3
7275;3
7276;3
7277;3
7278;3
7279;3
7280;3
7281;3
7282;3
7283;3
7284;3
7285;3
7286;3
7287;3
7288;3
7289;3
7290;3
7291;3
7292;4
7293;4
7294;4
7295;4
7296;4
7297;4
7298;4
7299;4
7300;4
7301;4
7302;4
7303;4
7304;4
7305;4
7306;3
7307;3
7308;3
7309;3
7310;3
7311;3
7312;3
7313;6
7314;6
7315;6
7316;6
7317;6
7318;6
7319;6
7320;6
7321;6
7322;6
7323;6
7324;6
7325;6
7326;6
7327;6
7328;2
7329;2
7330;2
7331;2
7332;2
7333;2
7334;2
7335;2
7336;2
7337;2
7338;2
7339;2
7340;2
7341;2
7342;4
7343;4
7344;4
7345;4
7346;4
7347;3
7348;3
7349;3
7350;3
7351;3
7352;3
7353;3
7354;3
7355;3
7356;3
7357;3
7358;3
7359;3
7360;3
7361;3
7362;3
7363;3
7364;3
7365;3
7366;3
7367;3
7368;3
7369;3
7370;3
7371;3
7372;3
7373;3
7374;3
7375;3
7376;3
7377;3
7378;3
7379;3
7380;3
7381;3
7382;3
7383;3
7384;3
7385;3
7386;3
7387;3
7388;3
7389;3
7390;3
7391;3
7392;3
7393;3
7394;3
7395;3
7396;3
7397;3
7398;3
7399;3
7400;3
7401;3
7402;3
7403;4
7404;4
7405;4
7406;4
7407;4
7408;4
7409;4
7410;4
7411;4
7412;4
7413;4
7414;4
7415;4
7416;4
7417;4
7418;4
7419;4
7420;4
7421;4
7422;4
7423;4
7424;4
7425;4
7426;4
7427;4
7428;4
7429;4
7430;4
7431;4
7432;4
7433;4
7434;4
7435;4
7436;4
7437;4
7438;4
7439;4
7440;4
7441;4
7442;4
7443;4
7444;4
7445;4
7446;4
7447;4
7448;4
7449;4
7450;4
7451;7
7452;7
7453;7
7454;7
7455;7
7456;7
7457;7
7458;7
7459;7
7460;7
7461;7
7462;7
7463;7
7464;7
7465;7
7466;7
7467;7
7468;7
7469;7
7470;7
7471;7
7472;7
7473;7
7474;7
7475;7
7476;7
7477;7
7478;7
7479;7
7480;7
7481;7
7482;7
7483;7
7484;7
7485;7
7486;7
7487;7
7488;7
7489;7
7490;7
7491;7
7492;7
7493;7
7494;7
7495;7
7496;7
7497;7
7498;7
7499;7
7500;7
7501;7
7502;7
7503;7
7504;7
7505;7
7506;7
7507;7
7508;7
7509;7
7510;7
7511;7
7512;7
7513;7
7514;7
7515;7
7516;7
7517;7
7518;7
7519;7
7520;7
7521;7
7522;7
7523;7
7524;7
7525;7
7526;7
7527;7
7528;7
7529;7
7530;7
7531;7
7532;7
7533;7
7534;7
7535;7
7536;7
7537;7
7538;7
7539;7
7540;7
7541;7
7542;7
7543;7
7544;7
7545;7
7546;7
7547;7
7548;7
7549;7
7550;7
7551;7
7552;7
7553;7
7554;7
7555;7
7556;7
7557;7
7558;7
7559;7
7560;7
7561;7
7562;7
7563;7
7564;7
7565;7
7566;7
7567;7
7568;7
7569;7
7570;7
7571;7
7572;7
7573;7
7574;7
7575;7
7576;7
7577;7
7578;7
7579;7
7580;7
7581;7
7582;7
7583;7
7584;7
7585;7
7586;7
7587;7
7588;7
7589;7
7590;7
7591;7
7592;7
7593;7
7594;7
7595;7
7596;7
7597;7
7598;7
7599;7
7600;7
7601;7
7602;7
7603;7
7604;7
7605;7
7606;7
7607;7
7608;7
7609;7
7610;7
7611;7
7612;7
7613;7
7614;7
7615;7
7616;7
7617;7
7618;7
7619;7
7620;7
7621;7
7622;7
7623;7
7624;7
7625;7
7626;7
7627;7
7628;7
7629;7
7630;7
7631;7
7632;7
7633;7
7634;7
7635;7
7636;7
7637;7
7638;7
7639;7
7640;7
7641;7
7642;7
7643;7
7644;4
7645;4
7646;4
7647;4
7648;4
7649;4
7650;4
7651;4
7652;4
7653;4
7654;4
7655;4
7656;4
7657;3
7658;3
7659;3
7660;3
7661;3
7662;3
7663;3
7664;3
7665;3
7666;3
7667;4
7668;4
7669;4
7670;4
7671;4
7672;4
7673;4
7674;4
7675;4
7676;4
7677;3
7678;3
7679;3
7680;3
7681;3
7682;3
7683;3
7684;3
7685;3
7686;3
7687;3
7688;3
7689;3
7690;3
7691;3
7692;3
7693;4
7694;4
7695;4
7696;4
7697;4
7698;4
7699;4
7700;4
7701;4
7702;4
7703;4
7704;4
7705;4
7706;4
7707;4
7708;4
7709;4
7710;4
7711;4
7712;4
7713;4
7714;4
7715;4
7716;4
7717;4
7718;4
7719;4
7720;4
7721;4
7722;4
7723;4
7724;4
7725;4
7726;4
7727;4
7728;4
7729;4
7730;4
7731;4
7732;4
7733;4
7734;4
7735;4
7736;4
7737;4
7738;4
7739;4
7740;4
7741;4
7742;4
7743;4
7744;4
7745;4
7746;4
7747;4
7748;6
7749;6
7750;6
7751;6
7752;6
7753;6
7754;6
7755;6
7756;6
7757;3
7758;3
7759;3
7760;3
7761;3
7762;3
7763;3
7764;4
7765;4
7766;4
7767;4
7768;4
7769;4
7770;4
7771;4
7772;4
7773;4
7774;4
7775;4
7776;4
7777;4
7778;4
7779;4
7780;4
7781;4
7782;4
7783;4
7784;4
7785;4
7786;4
7787;4
7788;4
7789;4
7790;4
7791;4
7792;3
7793;3
7794;3
7795;3
7796;3
7797;6
7798;6
7799;6
7800;6
7801;6
7802;6
7803;6
7804;6
7805;6
7806;6
7807;6
7808;6
7809;6
7810;6
7811;6
7812;6
7813;6
7814;6
7815;6
7816;6
7817;6
7818;6
7819;6
7820;6
7821;6
7822;6
7823;6
7824;6
7825;6
7826;6
7827;6
7828;6
7829;6
7830;6
7831;6
7832;6
7833;6
7834;6
7835;6
7836;6
7837;6
7838;6
7839;6
7840;6
7841;6
7842;6
7843;6
7844;6
7845;6
7846;6
7847;6
7848;6
7849;6
7850;6
7851;6
7852;6
7853;6
7854;6
7855;6
7856;6
7857;6
7858;6
7859;6
7860;6
7861;6
7862;6
7863;6
7864;6
7865;6
7866;6
7867;6
7868;6
7869;6
7870;6
7871;6
7872;6
7873;6
7874;6
7875;6
7876;6
7877;6
7878;6
7879;6
7880;3
7881;3
7882;3
7883;3
7884;3
7885;3
7886;3
7887;3
7888;3
7889;3
7890;3
7891;3
7892;3
7893;6
7894;6
7895;6
7896;6
7897;6
7898;6
7899;6
7900;6
7901;6
7902;6
7903;6
7904;2
7905;2
7906;2
7907;2
7908;2
7909;2
7910;2
7911;2
7912;2
7913;2
7914;2
7915;2
7916;2
7917;2
7918;2
7919;2
7920;2
7921;2
7922;2
7923;2
7924;2
7925;2
7926;2
7927;2
7928;2
7929;2
7930;2
7931;2
7932;2
7933;2
7934;2
7935;2
7936;2
7937;2
7938;2
7939;2
7940;2
7941;2
7942;2
7943;2
7944;4
7945;4
7946;4
7947;4
7948;4
7949;4
7950;6
7951;6
7952;6
7953;6
7954;6
7955;6
7956;6
7957;6
7958;6
7959;2
7960;2
7961;2
7962;2
7963;2
7964;2
7965;2
7966;2
7967;2
7968;2
7969;2
7970;2
7971;2
7972;2
7973;2
7974;2
7975;2
7976;2
7977;2
7978;2
7979;3
7980;3
7981;3
7982;3
7983;3
7984;3
7985;3
7986;3
7987;3
7988;4
7989;4
7990;4
7991;4
7992;4
7993;4
7994;4
7995;4
7996;4
7997;4
7998;4
7999;4
8000;4
8001;4
8002;4
8003;4
8004;4
8005;4
8006;4
8007;4
8008;4
8009;4
8010;4
8011;4
8012;4
8013;4
8014;4
8015;4
8016;4
8017;4
8018;4
8019;4
8020;4
8021;4
8022;4
8023;4
8024;4
8025;4
8026;4
8027;4
8028;3
8029;3
8030;3
8031;3
8032;3
8033;3
8034;3
8035;3
8036;4
8037;4
8038;4
8039;4
8040;4
8041;4
8042;4
8043;4
8044;4
8045;4
8046;4
8047;4
8048;4
8049;4
8050;4
8051;4
8052;4
8053;4
8054;4
8055;4
8056;4
8057;4
8058;4
8059;4
8060;4
8061;4
8062;4
8063;4
8064;4
8065;4
8066;4
8067;4
8068;4
8069;4
8070;4
8071;4
8072;4
8073;4
8074;4
8075;4
8076;4
8077;4
8078;4
8079;4
8080;4
8081;4
8082;5
8083;5
8084;5
8085;5
8086;5
8087;5
8088;5
8089;5
8090;5
8091;5
8092;5
8093;5
8094;5
8095;5
8096;5
8097;5
8098;5
8099;5
8100;5
8101;5
8102;5
8103;5
8104;5
8105;5
8106;3
8107;3
8108;3
8109;3
8110;3
8111;3
8112;3
8113;3
8114;3
8115;3
8116;6
8117;6
8118;6
8119;6
8120;6
8121;6
8122;6
8123;6
8124;6
8125;6
8126;6
8127;6
8128;6
8129;6
8130;6
8131;6
8132;6
8133;6
8134;6
8135;6
8136;6
8137;6
8138;6
8139;3
8140;3
8141;3
8142;3
8143;3
8144;3
8145;3
8146;3
8147;3
8148;3
8149;3
8150;4
8151;4
8152;4
8153;4
8154;4
8155;4
8156;4
8157;4
8158;4
8159;4
8160;3
8161;3
8162;3
8163;3
8164;3
8165;3
8166;3
8167;3
8168;3
8169;3
8170;3
8171;3
8172;3
8173;3
8174;3
8175;3
8176;3
8177;4
8178;4
8179;4
8180;4
8181;4
8182;4
8183;4
8184;4
8185;4
8186;4
8187;4
8188;4
8189;4
8190;4
8191;4
8192;4
8193;4
8194;4
8195;3
8196;3
8197;3
8198;3
8199;3
8200;4
8201;4
8202;4
8203;4
8204;4
8205;4
8206;4
8207;4
8208;6
8209;6
8210;6
8211;6
8212;6
8213;6
8214;6
8215;6
8216;6
8217;6
8218;6
8219;6
8220;6
8221;6
8222;6
8223;6
8224;6
8225;6
8226;6
8227;6
8228;6
8229;6
8230;6
8231;6
8232;6
8233;6
8234;6
8235;6
8236;6
8237;6
8238;6
8239;6
8240;6
8241;6
8242;6
8243;6
8244;6
8245;6
8246;6
8247;6
8248;6
8249;6
8250;6
8251;6
8252;6
8253;6
8254;6
8255;6
8256;6
8257;6
8258;6
8259;6
8260;6
8261;6
8262;6
8263;6
8264;6
8265;6
8266;6
8267;6
8268;6
8269;6
8270;6
8271;6
8272;3
8273;3
8274;3
8275;3
8276;3
8277;3
8278;3
8279;3
8280;3
8281;3
8282;3
8283;3
8284;3
8285;3
8286;3
8287;3
8288;3
8289;3
8290;3
8291;3
8292;3
8293;3
8294;3
8295;3
8296;3
8297;3
8298;3
8299;6
8300;6
8301;6
8302;6
8303;6
8304;6
8305;6
8306;6
8307;6
8308;6
8309;6
8310;6
8311;6
8312;6
8313;6
8314;6
8315;6
8316;6
8317;6
8318;6
8319;6
8320;6
8321;6
8322;3
8323;3
8324;3
8325;3
8326;3
8327;3
8328;5
8329;5
8330;5
8331;5
8332;5
8333;5
8334;5
8335;5
8336;5
8337;5
8338;5
8339;5
8340;5
8341;5
8342;5
8343;5
8344;5
8345;5
8346;5
8347;5
8348;5
8349;5
8350;5
8351;5
8352;5
8353;5
8354;5
8355;5
8356;5
8357;5
8358;5
8359;5
8360;5
8361;5
8362;5
8363;5
8364;5
8365;5
8366;5
8367;5
8368;5
8369;5
8370;5
8371;5
8372;5
8373;5
8374;5
8375;3
8376;3
8377;3
8378;3
8379;3
8380;6
8381;6
8382;6
8383;6
8384;6
8385;6
8386;6
8387;6
8388;6
8389;6
8390;6
8391;6
8392;6
8393;6
8394;6
8395;6
8396;6
8397;6
8398;6
8399;6
8400;6
8401;6
8402;6
8403;6
8404;6
8405;6
8406;6
8407;6
8408;6
8409;6
8410;6
8411;6
8412;3
8413;3
8414;3
8415;3
8416;3
8417;3
8418;3
8419;3
8420;3
8421;3
8422;3
8423;3
8424;3
8425;3
8426;3
8427;3
8428;3
8429;3
8430;3
8431;3
8432;3
8433;3
8434;5
8435;5
8436;5
8437;5
8438;5
8439;5
8440;5
8441;5
8442;5
8443;5
8444;5
8445;5
8446;5
8447;5
8448;5
8449;5
8450;5
8451;5
8452;5
8453;5
8454;5
8455;5
8456;5
8457;5
8458;5
8459;5
8460;5
8461;5
8462;5
8463;5
8464;5
8465;5
8466;5
8467;5
8468;5
8469;5
8470;5
8471;5
8472;5
8473;5
8474;5
8475;5
8476;5
8477;5
8478;5
8479;5
8480;5
8481;5
8482;5
8483;3
8484;3
8485;3
8486;3
8487;3
8488;3
8489;3
8490;3
8491;3
8492;3
8493;5
8494;5
8495;5
8496;5
8497;5
8498;5
8499;5
8500;5
8501;5
8502;5
8503;5
8504;5
8505;5
8506;2
8507;2
8508;2
8509;2
8510;2
8511;2
8512;2
8513;2
8514;3
8515;3
8516;3
8517;3
8518;3
8519;3
8520;3
8521;3
8522;3
8523;3
8524;4
8525;4
8526;4
8527;4
8528;4
8529;4
8530;4
8531;4
8532;4
8533;4
8534;4
8535;4
8536;4
8537;4
8538;4
8539;6
8540;6
8541;6
8542;6
8543;6
8544;6
8545;6
8546;6
8547;6
8548;6
8549;6
8550;6
8551;6
8552;6
8553;6
8554;6
8555;6
8556;6
8557;6
8558;6
8559;6
8560;6
8561;6
8562;6
8563;6
8564;6
8565;6
8566;6
8567;6
8568;6
8569;6
8570;6
8571;6
8572;6
8573;6
8574;6
8575;6
8576;6
8577;6
8578;6
8579;6
8580;6
8581;6
8582;6
8583;6
8584;6
8585;3
8586;3
8587;3
8588;3
8589;3
8590;3
8591;3
8592;3
8593;3
8594;3
8595;3
8596;6
8597;6
8598;6
8599;6
8600;6
8601;6
8602;6
8603;6
8604;6
8605;3
8606;3
8607;3
8608;3
8609;3
8610;3
8611;3
8612;3
8613;3
8614;3
8615;3
8616;3
8617;3
8618;3
8619;3
8620;3
8621;4
8622;4
8623;4
8624;4
8625;4
8626;4
8627;4
8628;4
8629;4
8630;3
8631;3
8632;3
8633;3
8634;3
8635;3
8636;3
8637;3
8638;3
8639;3
8640;3
8641;3
8642;3
8643;3
8644;3
8645;3
8646;3
8647;3
8648;3
8649;3
8650;3
8651;3
8652;3
8653;3
8654;3
8655;3
8656;3
8657;3
8658;3
8659;3
8660;3
8661;3
8662;3
8663;3
8664;3
8665;3
8666;3
8667;3
8668;3
8669;3
8670;3
8671;3
8672;3
8673;3
8674;3
8675;3
8676;3
8677;3
8678;3
8679;3
8680;3
8681;3
8682;3
8683;3
8684;6
8685;6
8686;6
8687;3
8688;3
8689;3
8690;3
8691;3
8692;3
8693;3
8694;3
8695;3
8696;3
8697;3
8698;3
8699;3
8700;3
8701;3
8702;3
8703;3
8704;5
8705;5
8706;5
8707;5
8708;5
8709;5
8710;5
8711;5
8712;5
8713;5
8714;5
8715;5
8716;5
8717;5
8718;5
8719;5
8720;5
8721;5
8722;5
8723;5
8724;5
8725;5
8726;5
8727;5
8728;5
8729;5
8730;5
8731;5
8732;5
8733;5
8734;5
8735;5
8736;5
8737;5
8738;5
8739;5
8740;5
8741;5
8742;5
8743;5
8744;5
8745;5
8746;5
8747;5
8748;5
8749;5
8750;5
8751;5
8752;5
8753;5
8754;5
8755;5
8756;5
8757;5
8758;5
8759;5
8760;5
8761;5
8762;5
8763;5
8764;5
8765;5
8766;5
8767;5
8768;5
8769;5
8770;5
8771;6
8772;6
8773;6
8774;6
8775;3
8776;3
8777;3
8778;3
8779;3
8780;3
8781;3
8782;6
8783;6
8784;6
8785;6
8786;6
8787;6
8788;6
8789;6
8790;6
8791;6
8792;6
8793;6
8794;6
8795;6
8796;6
8797;6
8798;6
8799;6
8800;6
8801;6
8802;6
8803;6
8804;6
8805;6
8806;6
8807;6
8808;6
8809;6
8810;6
8811;6
8812;6
8813;6
8814;6
8815;6
8816;6
8817;6
8818;6
8819;6
8820;6
8821;6
8822;6
8823;6
8824;6
8825;6
8826;6
8827;6
8828;6
8829;6
8830;6
8831;6
8832;6
8833;6
8834;6
8835;6
8836;6
8837;6
8838;6
8839;6
8840;6
8841;6
8842;6
8843;6
8844;6
8845;6
8846;6
8847;6
8848;6
8849;6
8850;6
8851;6
8852;6
8853;6
8854;6
8855;6
8856;6
8857;6
8858;6
8859;6
8860;6
8861;6
8862;6
8863;6
8864;3
8865;3
8866;3
8867;3
8868;3
8869;3
8870;3
8871;3
8872;3
8873;3
8874;3
8875;3
8876;3
8877;3
8878;6
8879;6
8880;6
8881;6
8882;6
8883;6
8884;6
8885;6
8886;6
8887;6
8888;6
8889;6
8890;6
8891;6
8892;6
8893;6
8894;6
8895;6
8896;6
8897;6
8898;6
8899;6
8900;6
8901;6
8902;6
8903;6
8904;6
8905;6
8906;6
8907;6
8908;6
8909;6
8910;6
8911;6
8912;6
8913;6
8914;6
8915;6
8916;6
8917;6
8918;6
8919;6
8920;6
8921;6
8922;6
8923;6
8924;6
8925;6
8926;6
8927;6
8928;6
8929;6
8930;6
8931;6
8932;6
8933;6
8934;6
8935;6
8936;6
8937;6
8938;6
8939;6
8940;6
8941;6
8942;6
8943;6
8944;6
8945;6
8946;6
8947;6
8948;6
8949;6
8950;6
8951;6
8952;6
8953;6
8954;6
8955;6
8956;6
8957;6
8958;6
8959;6
8960;6
8961;6
8962;6
8963;6
8964;6
8965;6
8966;6
8967;6
8968;6
8969;6
8970;6
8971;6
8972;6
8973;6
8974;6
8975;6
8976;6
8977;6
8978;6
8979;6
8980;6
8981;6
8982;6
8983;6
8984;3
8985;3
8986;3
8987;3
8988;3
8989;3
8990;3
8991;3
8992;3
8993;3
8994;6
8995;6
8996;6
8997;6
8998;6
8999;6
9000;6
9001;6
9002;6
9003;6
9004;6
9005;6
9006;6
9007;6
9008;6
9009;6
9010;6
9011;6
9012;6
9013;6
9014;6
9015;6
9016;6
9017;6
9018;6
9019;6
9020;6
9021;6
9022;6
9023;6
9024;6
9025;6
9026;6
9027;6
9028;6
9029;6
9030;6
9031;6
9032;6
9033;6
9034;6
9035;6
9036;6
9037;6
9038;3
9039;3
9040;3
9041;3
9042;5
9043;5
9044;5
9045;5
9046;5
9047;5
9048;5
9049;5
9050;5
9051;5
9052;5
9053;5
9054;5
9055;5
9056;3
9057;3
9058;3
9059;3
9060;3
9061;3
9062;3
9063;3
9064;4
9065;4
9066;4
9067;4
9068;4
9069;4
9070;4
9071;4
9072;4
9073;4
9074;4
9075;4
9076;4
9077;4
9078;4
9079;4
9080;4
9081;4
9082;3
9083;3
9084;3
9085;3
9086;3
9087;3
9088;3
9089;3
9090;3
9091;3
9092;3
9093;3
9094;3
9095;3
9096;3
9097;3
9098;3
9099;3
9100;3
9101;3
9102;3
9103;3
9104;3
9105;3
9106;3
9107;3
9108;3
9109;4
9110;4
9111;4
9112;4
9113;4
9114;4
9115;4
9116;4
9117;4
9118;4
9119;4
9120;4
9121;4
9122;4
9123;4
9124;4
9125;4
9126;4
9127;4
9128;4
9129;4
9130;4
9131;4
9132;4
9133;4
9134;4
9135;4
9136;4
9137;4
9138;4
9139;4
9140;4
9141;4
9142;4
9143;4
9144;4
9145;4
9146;4
9147;4
9148;4
9149;4
9150;4
9151;4
9152;4
9153;4
9154;4
9155;4
9156;4
9157;4
9158;4
9159;4
9160;4
9161;4
9162;4
9163;4
9164;4
9165;4
9166;4
9167;4
9168;4
9169;4
9170;4
9171;4
9172;4
9173;4
9174;4
9175;4
9176;4
9177;4
9178;4
9179;4
9180;4
9181;4
9182;4
9183;4
9184;4
9185;4
9186;4
9187;4
9188;4
9189;4
9190;4
9191;4
9192;4
9193;4
9194;4
9195;4
9196;4
9197;4
9198;4
9199;4
9200;4
9201;4
9202;4
9203;4
9204;4
9205;4
9206;4
9207;4
9208;4
9209;4
9210;4
9211;4
9212;4
9213;4
9214;4
9215;4
9216;4
9217;4
9218;4
9219;4
9220;4
9221;4
9222;4
9223;4
9224;4
9225;4
9226;4
9227;4
9228;4
9229;4
9230;4
9231;4
9232;4
9233;4
9234;4
9235;4
9236;4
9237;4
9238;4
9239;4
9240;4
9241;4
9242;4
9243;4
9244;4
9245;4
9246;4
9247;4
9248;3
9249;3
9250;4
9251;4
9252;4
9253;4
9254;4
9255;4
9256;4
9257;4
9258;4
9259;4
9260;4
9261;4
9262;4
9263;4
9264;4
9265;4
9266;4
9267;4
9268;4
9269;4
9270;4
9271;4
9272;4
9273;4
9274;4
9275;4
9276;4
9277;4
9278;4
9279;4
9280;4
9281;4
9282;4
9283;4
9284;4
9285;4
9286;4
9287;4
9288;4
9289;4
9290;4
9291;4
9292;4
9293;6
9294;6
9295;6
9296;6
9297;6
9298;6
9299;6
9300;6
9301;6
9302;6
9303;6
9304;6
9305;6
9306;6
9307;6
9308;6
9309;6
9310;6
9311;6
9312;6
9313;6
9314;6
9315;6
9316;6
9317;6
9318;6
9319;6
9320;6
9321;6
9322;6
9323;6
9324;6
9325;6
9326;6
9327;6
9328;6
9329;6
9330;3
9331;3
9332;3
9333;3
9334;3
9335;3
9336;3
9337;3
9338;3
9339;3
9340;3
9341;3
9342;3
9343;3
9344;3
9345;3
9346;3
9347;3
9348;3
9349;3
9350;3
9351;3
9352;3
9353;3
9354;3
9355;3
9356;3
9357;3
9358;3
9359;3
9360;3
9361;3
9362;3
9363;3
9364;3
9365;3
9366;3
9367;3
9368;3
9369;3
9370;3
9371;3
9372;3
9373;3
9374;3
9375;3
9376;3
9377;3
9378;3
9379;3
9380;4
9381;4
9382;4
9383;4
9384;4
9385;4
9386;4
9387;4
9388;4
9389;4
9390;4
9391;4
9392;4
9393;4
9394;4
9395;4
9396;4
9397;4
9398;4
9399;4
9400;4
9401;4
9402;3
9403;3
9404;3
9405;3
9406;3
9407;4
9408;4
9409;4
9410;4
9411;4
9412;4
9413;4
9414;4
9415;4
9416;4
9417;4
9418;4
9419;4
9420;4
9421;4
9422;3
9423;3
9424;3
9425;3
9426;3
9427;3
9428;3
9429;4
9430;4
9431;4
9432;4
9433;4
9434;4
9435;4
9436;4
9437;4
9438;4
9439;4
9440;4
9441;4
9442;4
9443;4
9444;4
9445;4
9446;4
9447;4
9448;4
9449;4
9450;4
9451;4
9452;4
9453;4
9454;4
9455;4
9456;4
9457;4
9458;4
9459;4
9460;4
9461;4
9462;4
9463;4
9464;4
9465;4
9466;4
9467;4
9468;4
9469;4
9470;4
9471;4
9472;4
9473;4
9474;4
9475;4
9476;4
9477;4
9478;4
9479;4
9480;4
9481;4
9482;4
9483;4
9484;4
9485;4
9486;4
9487;4
9488;4
9489;4
9490;4
9491;4
9492;6
9493;6
9494;6
9495;6
9496;6
9497;6
9498;6
9499;6
9500;6
9501;6
9502;6
9503;6
9504;6
9505;6
9506;6
9507;6
9508;6
9509;6
9510;6
9511;6
9512;6
9513;6
9514;6
9515;3
9516;3
9517;3
9518;3
9519;3
9520;3
9521;3
9522;3
9523;3
9524;3
9525;6
9526;6
9527;6
9528;6
9529;6
9530;6
9531;6
9532;6
9533;6
9534;6
9535;6
9536;6
9537;6
9538;6
9539;6
9540;6
9541;6
9542;6
9543;6
9544;6
9545;6
9546;6
9547;6
9548;6
9549;6
9550;6
9551;6
9552;6
9553;6
9554;6
9555;6
9556;6
9557;6
9558;6
9559;6
9560;6
9561;6
9562;6
9563;6
9564;6
9565;6
9566;6
9567;6
9568;6
9569;6
9570;6
9571;6
9572;4
9573;4
9574;4
9575;4
9576;4
9577;4
9578;4
9579;4
9580;4
9581;4
9582;4
9583;4
9584;4
9585;4
9586;4
9587;4
9588;4
9589;4
9590;4
9591;4
9592;4
9593;4
9594;4
9595;4
9596;4
9597;4
9598;4
9599;4
9600;4
9601;4
9602;4
9603;6
9604;6
9605;6
9606;6
9607;6
9608;6
9609;6
9610;6
9611;6
9612;6
9613;6
9614;6
9615;6
9616;6
9617;6
9618;6
9619;6
9620;6
9621;6
9622;6
9623;6
9624;6
9625;6
9626;6
9627;6
9628;6
9629;6
9630;6
9631;6
9632;6
9633;6
9634;6
9635;6
9636;6
9637;6
9638;6
9639;6
9640;6
9641;6
9642;6
9643;6
9644;6
9645;6
9646;6
9647;6
9648;6
9649;6
9650;6
9651;6
9652;3
9653;3
9654;3
9655;3
9656;3
9657;3
9658;3
9659;3
9660;3
9661;5
9662;5
9663;5
9664;5
9665;5
9666;5
9667;5
9668;5
9669;5
9670;5
9671;5
9672;5
9673;5
9674;5
9675;5
9676;5
9677;5
9678;5
9679;5
9680;5
9681;5
9682;5
9683;5
9684;5
9685;5
9686;3
9687;3
9688;3
9689;3
9690;3
9691;3
9692;3
9693;3
9694;3
9695;3
9696;3
9697;3
9698;3
9699;3
9700;3
9701;3
9702;3
9703;3
9704;3
9705;3
9706;3
9707;3
9708;3
9709;3
9710;3
9711;3
9712;3
9713;3
9714;6
9715;6
9716;6
9717;6
9718;6
9719;6
9720;6
9721;6
9722;6
9723;6
9724;6
9725;6
9726;6
9727;6
9728;6
9729;6
9730;6
9731;6
9732;6
9733;6
9734;6
9735;6
9736;6
9737;6
9738;6
9739;6
9740;6
9741;6
9742;6
9743;6
9744;6
9745;6
9746;6
9747;6
9748;6
9749;6
9750;6
9751;6
9752;6
9753;6
9754;6
9755;6
9756;6
9757;6
9758;6
9759;6
9760;6
9761;6
9762;6
9763;6
9764;6
9765;6
9766;3
9767;3
9768;3
9769;3
9770;3
9771;3
9772;3
9773;3
9774;3
9775;3
9776;3
9777;3
9778;3
9779;3
9780;3
9781;6
9782;6
9783;6
9784;6
9785;6
9786;6
9787;6
9788;6
9789;6
9790;6
9791;6
9792;6
9793;6
9794;6
9795;6
9796;6
9797;6
9798;6
9799;6
9800;6
9801;6
9802;6
9803;6
9804;6
9805;6
9806;6
9807;6
9808;6
9809;6
9810;6
9811;6
9812;6
9813;6
9814;6
9815;6
9816;6
9817;6
9818;6
9819;6
9820;6
9821;6
9822;6
9823;6
9824;6
9825;6
9826;6
9827;6
9828;6
9829;6
9830;6
9831;6
9832;6
9833;6
9834;6
9835;6
9836;6
9837;6
9838;6
9839;6
9840;6
9841;6
9842;6
9843;6
9844;6
9845;6
9846;6
9847;6
9848;6
9849;6
9850;6
9851;6
9852;6
9853;6
9854;6
9855;6
9856;6
9857;6
9858;6
9859;6
9860;6
9861;6
9862;6
9863;6
9864;6
9865;6
9866;6
9867;6
9868;6
9869;6
9870;6
9871;6
9872;6
9873;6
9874;6
9875;6
9876;6
9877;6
9878;6
9879;6
9880;6
9881;6
9882;6
9883;6
9884;6
9885;6
9886;6
9887;6
9888;6
9889;6
9890;6
9891;6
9892;6
9893;6
9894;6
9895;6
9896;6
9897;6
9898;6
9899;6
9900;6
9901;6
9902;6
9903;6
9904;6
9905;6
9906;6
9907;6
9908;6
9909;6
9910;6
9911;6
9912;6
9913;6
9914;6
9915;6
9916;6
9917;6
9918;6
9919;3
9920;3
9921;3
9922;3
9923;3
9924;3
9925;3
9926;3
9927;3
9928;3
9929;3
9930;3
9931;3
9932;3
9933;3
9934;3
9935;3
9936;3
9937;3
9938;3
9939;3
9940;3
9941;3
9942;3
9943;3
9944;3
9945;3
9946;3
9947;3
9948;3
9949;3
9950;3
9951;6
9952;6
9953;6
9954;6
9955;6
9956;6
9957;6
9958;6
9959;6
9960;6
9961;3
9962;3
9963;3
9964;3
9965;3
9966;3
9967;3
9968;3
9969;3
9970;3
9971;3
9972;3
9973;3
9974;3
9975;3
9976;3
9977;3
9978;3
9979;4
9980;4
9981;4
9982;4
9983;4
9984;4
9985;4
9986;4
9987;4
9988;4
9989;4
9990;4
9991;3
9992;3
9993;3
9994;3
9995;6
9996;6
9997;6
9998;6
9999;6
10000;6
10001;6
10002;6
10003;6
10004;6
10005;6
10006;6
10007;6
10008;6
10009;6
10010;6
10011;6
10012;6
10013;6
10014;6
10015;6
10016;6
10017;6
10018;6
10019;6
10020;6
10021;6
10022;6
10023;6
10024;3
10025;3
10026;3
10027;3
10028;3
10029;3
10030;3
10031;3
10032;3
10033;5
10034;5
10035;5
10036;5
10037;5
10038;5
10039;5
10040;5
10041;5
10042;5
10043;5
10044;5
10045;5
10046;5
10047;5
10048;5
10049;5
10050;5
10051;5
10052;5
10053;5
10054;5
10055;5
10056;5
10057;5
10058;5
10059;5
10060;5
10061;5
10062;5
10063;3
10064;3
10065;3
10066;3
10067;3
10068;3
10069;3
10070;3
10071;3
10072;3
10073;3
10074;3
10075;3
10076;3
10077;3
10078;3
10079;3
10080;3
10081;3
10082;3
10083;3
10084;3
10085;3
10086;3
10087;3
10088;3
10089;3
10090;3
10091;3
10092;3
10093;3
10094;3
10095;4
10096;4
10097;4
10098;4
10099;4
10100;3
10101;3
10102;3
10103;3
10104;3
10105;3
10106;3
10107;3
10108;3
10109;3
10110;3
10111;3
10112;3
10113;3
10114;3
10115;3
10116;3
10117;3
10118;3
10119;3
10120;3
10121;3
10122;3
10123;3
10124;3
10125;3
10126;3
10127;3
10128;3
10129;3
10130;3
10131;3
10132;3
10133;6
10134;6
10135;6
10136;6
10137;6
10138;6
10139;6
10140;6
10141;6
10142;6
10143;6
10144;6
10145;6
10146;6
10147;6
10148;6
10149;6
10150;6
10151;6
10152;6
10153;6
10154;6
10155;6
10156;6
10157;6
10158;6
10159;6
10160;6
10161;6
10162;6
10163;6
10164;6
10165;6
10166;6
10167;6
10168;6
10169;6
10170;6
10171;6
10172;6
10173;6
10174;6
10175;6
10176;3
10177;3
10178;3
10179;3
10180;3
10181;3
10182;3
10183;3
10184;3
10185;3
10186;3
10187;3
10188;3
10189;3
10190;3
10191;3
10192;3
10193;3
10194;3
10195;3
10196;3
10197;3
10198;3
10199;3
10200;3
10201;3
10202;3
10203;3
10204;3
10205;3
10206;3
10207;3
10208;3
10209;3
10210;3
10211;3
10212;3
10213;3
10214;3
10215;3
10216;3
10217;3
10218;3
10219;3
10220;3
10221;3
10222;3
10223;3
10224;3
10225;3
10226;3
10227;3
10228;3
10229;3
10230;3
10231;3
10232;3
10233;3
10234;3
10235;3
10236;5
10237;5
10238;5
10239;5
10240;5
10241;5
10242;5
10243;5
10244;5
10245;5
10246;5
10247;5
10248;5
10249;5
10250;5
10251;5
10252;5
10253;5
10254;5
10255;5
10256;5
10257;5
10258;5
10259;5
10260;5
10261;5
10262;5
10263;5
10264;5
10265;5
10266;5
10267;5
10268;5
10269;5
10270;3
10271;3
10272;3
10273;3
10274;3
10275;3
10276;3
10277;3
10278;3
10279;3
10280;3
10281;3
10282;3
10283;3
10284;3
10285;3
10286;3
10287;6
10288;6
10289;6
10290;6
10291;3
10292;3
10293;3
10294;3
10295;3
10296;4
10297;4
10298;4
10299;4
10300;4
10301;3
10302;3
10303;3
10304;3
10305;3
10306;3
10307;3
10308;3
10309;3
10310;3
10311;3
10312;3
10313;3
10314;3
10315;7
10316;7
10317;7
10318;7
10319;7
10320;7
10321;7
10322;7
10323;7
10324;7
10325;7
10326;7
10327;7
10328;7
10329;7
10330;7
10331;7
10332;7
10333;7
10334;7
10335;7
10336;7
10337;7
10338;7
10339;7
10340;7
10341;7
10342;7
10343;7
10344;7
10345;7
10346;7
10347;7
10348;7
10349;7
10350;7
10351;3
10352;3
10353;3
10354;3
10355;3
10356;3
10357;3
10358;3
10359;3
10360;3
10361;3
10362;3
10363;3
10364;3
10365;3
10366;3
10367;3
10368;3
10369;3
10370;3
10371;3
10372;3
10373;3
10374;3
10375;3
10376;3
10377;3
10378;3
10379;3
10380;3
10381;3
10382;6
10383;6
10384;6
10385;6
10386;6
10387;6
10388;6
10389;6
10390;6
10391;6
10392;6
10393;4
10394;4
10395;4
10396;4
10397;4
10398;4
10399;4
10400;4
10401;4
10402;4
10403;4
10404;4
10405;4
10406;4
10407;4
10408;4
10409;4
10410;4
10411;4
10412;4
10413;4
10414;4
10415;4
10416;4
10417;4
10418;4
10419;4
10420;4
10421;4
10422;4
10423;4
10424;4
10425;4
10426;4
10427;4
10428;4
10429;4
10430;4
10431;4
10432;4
10433;4
10434;4
10435;4
10436;3
10437;3
10438;3
10439;3
10440;3
10441;3
10442;3
10443;3
10444;3
10445;3
10446;4
10447;4
10448;4
10449;4
10450;4
10451;4
10452;4
10453;4
10454;4
10455;4
10456;4
10457;4
10458;4
10459;4
10460;4
10461;4
10462;4
10463;4
10464;4
10465;4
10466;4
10467;4
10468;4
10469;4
10470;4
10471;4
10472;4
10473;4
10474;4
10475;4
10476;4
10477;4
10478;4
10479;4
10480;4
10481;4
10482;4
10483;4
10484;4
10485;4
10486;4
10487;4
10488;4
10489;4
10490;4
10491;3
10492;3
10493;3
10494;3
10495;3
10496;3
10497;3
10498;3
10499;3
10500;7
10501;7
10502;7
10503;7
10504;7
10505;7
10506;7
10507;7
10508;7
10509;7
10510;7
10511;7
10512;7
10513;7
10514;7
10515;7
10516;7
10517;7
10518;7
10519;7
10520;7
10521;7
10522;7
10523;7
10524;7
10525;7
10526;7
10527;7
10528;7
10529;7
10530;7
10531;7
10532;7
10533;7
10534;7
10535;7
10536;7
10537;7
10538;7
10539;7
10540;7
10541;7
10542;7
10543;7
10544;7
10545;7
10546;7
10547;7
10548;7
10549;7
10550;7
10551;7
10552;7
10553;7
10554;7
10555;7
10556;7
10557;7
10558;7
10559;7
10560;7
10561;7
10562;4
10563;4
10564;4
10565;4
10566;4
10567;4
10568;4
10569;4
10570;4
10571;4
10572;4
10573;4
10574;4
10575;4
10576;4
10577;4
10578;4
10579;4
10580;4
10581;4
10582;4
10583;4
10584;4
10585;4
10586;4
10587;4
10588;4
10589;4
10590;4
10591;4
10592;4
10593;4
10594;4
10595;4
10596;4
10597;4
10598;4
10599;4
10600;4
10601;4
10602;4
10603;4
10604;4
10605;4
10606;4
10607;4
10608;7
10609;7
10610;7
10611;7
10612;7
10613;7
10614;7
10615;7
10616;7
10617;7
10618;7
10619;7
10620;7
10621;7
10622;7
10623;7
10624;7
10625;7
10626;7
10627;7
10628;7
10629;7
10630;7
10631;7
10632;7
10633;7
10634;7
10635;7
10636;7
10637;7
10638;7
10639;7
10640;7
10641;7
10642;7
10643;7
10644;7
10645;7
10646;7
10647;7
10648;7
10649;7
10650;7
10651;7
10652;7
10653;7
10654;7
10655;7
10656;7
10657;7
10658;7
10659;7
10660;7
10661;7
10662;7
10663;7
10664;7
10665;7
10666;7
10667;7
10668;7
10669;7
10670;7
10671;7
10672;7
10673;7
10674;7
10675;7
10676;7
10677;7
10678;7
10679;7
10680;7
10681;7
10682;7
10683;7
10684;7
10685;7
10686;7
10687;7
10688;4
10689;4
10690;4
10691;4
10692;4
10693;4
10694;4
10695;4
10696;4
10697;4
10698;4
10699;4
10700;4
10701;4
10702;4
10703;4
10704;4
10705;4
10706;4
10707;4
10708;4
10709;4
10710;4
10711;4
10712;3
10713;3
10714;3
10715;3
10716;3
10717;3
10718;3
10719;3
10720;3
10721;3
10722;3
10723;3
10724;3
10725;3
10726;3
10727;3
10728;3
10729;3
10730;3
10731;3
10732;3
10733;3
10734;3
10735;3
10736;3
10737;3
10738;3
10739;3
10740;3
10741;3
10742;6
10743;6
10744;6
10745;6
10746;6
10747;6
10748;6
10749;6
10750;6
10751;6
10752;6
10753;6
10754;6
10755;6
10756;6
10757;6
10758;6
10759;6
10760;6
10761;6
10762;6
10763;6
10764;6
10765;6
10766;6
10767;6
10768;6
10769;6
10770;6
10771;6
10772;6
10773;6
10774;6
10775;6
10776;6
10777;6
10778;6
10779;6
10780;6
10781;6
10782;6
10783;6
10784;6
10785;3
10786;3
10787;3
10788;3
10789;3
10790;3
10791;3
10792;3
10793;3
10794;3
10795;3
10796;3
10797;3
10798;3
10799;3
10800;3
10801;3
10802;3
10803;3
10804;3
10805;3
10806;3
10807;3
10808;3
10809;3
10810;3
10811;3
10812;3
10813;3
10814;3
10815;3
10816;3
10817;3
10818;3
10819;3
10820;3
10821;3
10822;3
10823;3
10824;3
10825;4
10826;4
10827;4
10828;4
10829;4
10830;4
10831;4
10832;4
10833;4
10834;4
10835;4
10836;4
10837;4
10838;4
10839;4
10840;3
10841;3
10842;3
10843;3
10844;3
10845;3
10846;3
10847;3
10848;3
10849;3
10850;4
10851;4
10852;4
10853;4
10854;4
10855;4
10856;3
10857;3
10858;3
10859;3
10860;3
10861;3
10862;3
10863;3
10864;4
10865;4
10866;4
10867;4
10868;4
10869;4
10870;4
10871;4
10872;4
10873;4
10874;4
10875;4
10876;4
10877;4
10878;4
10879;4
10880;4
10881;4
10882;4
10883;4
10884;4
10885;4
10886;4
10887;4
10888;4
10889;4
10890;4
10891;4
10892;4
10893;4
10894;4
10895;4
10896;4
10897;4
10898;4
10899;4
10900;4
10901;4
10902;4
10903;4
10904;4
10905;4
10906;4
10907;4
10908;4
10909;4
10910;4
10911;4
10912;4
10913;4
10914;4
10915;4
10916;4
10917;4
10918;4
10919;4
10920;4
10921;4
10922;4
10923;4
10924;4
10925;4
10926;4
10927;4
10928;4
10929;4
10930;4
10931;4
10932;4
10933;4
10934;4
10935;4
10936;4
10937;4
10938;4
10939;4
10940;4
10941;4
10942;4
10943;4
10944;4
10945;4
10946;4
10947;4
10948;4
10949;4
10950;4
10951;4
10952;4
10953;4
10954;4
10955;4
10956;4
10957;4
10958;4
10959;4
10960;4
10961;4
10962;4
10963;4
10964;4
10965;4
10966;4
10967;4
10968;4
10969;4
10970;4
10971;4
10972;4
10973;4
10974;4
10975;4
10976;4
10977;4
10978;4
10979;4
10980;4
10981;4
10982;4
10983;4
10984;4
10985;4
10986;4
10987;4
10988;4
10989;4
10990;4
10991;4
10992;4
10993;4
10994;4
10995;4
10996;4
10997;4
10998;4
10999;4
11000;4
11001;4
11002;4
11003;4
11004;4
11005;4
11006;4
11007;4
11008;4
11009;4
11010;4
11011;4
11012;4
11013;4
11014;4
11015;4
11016;4
11017;4
11018;4
11019;4
11020;4
11021;4
11022;4
11023;4
11024;4
11025;4
11026;4
11027;4
11028;4
11029;4
11030;4
11031;4
11032;4
11033;4
11034;4
11035;4
11036;4
11037;4
11038;4
11039;4
11040;4
11041;4
11042;4
11043;4
11044;4
11045;4
11046;4
11047;4
11048;4
11049;4
11050;4
11051;4
11052;4
11053;4
11054;4
11055;4
11056;4
11057;4
11058;4
11059;4
11060;4
11061;4
11062;4
11063;4
11064;4
11065;4
11066;4
11067;4
11068;4
11069;4
11070;3
11071;3
11072;3
11073;3
11074;3
11075;3
11076;3
11077;3
11078;3
11079;3
11080;3
11081;3
11082;3
11083;3
11084;3
11085;3
11086;3
11087;3
11088;3
11089;3
11090;3
11091;3
11092;3
11093;3
11094;3
11095;3
11096;3
11097;3
11098;2
11099;2
11100;2
11101;2
11102;2
11103;2
11104;2
11105;2
11106;2
11107;2
11108;2
11109;2
11110;2
11111;2
11112;2
11113;4
11114;4
11115;4
11116;4
11117;4
11118;4
11119;4
11120;4
11121;4
11122;4
11123;4
11124;4
11125;4
11126;4
11127;4
11128;4
11129;4
11130;4
11131;4
11132;4
11133;4
11134;4
11135;4
11136;4
11137;4
11138;4
11139;4
11140;4
11141;4
11142;4
11143;4
11144;4
11145;4
11146;4
11147;4
11148;4
11149;4
11150;4
11151;4
11152;4
11153;4
11154;4
11155;4
11156;4
11157;4
11158;4
11159;4
11160;4
11161;4
11162;4
11163;4
11164;4
11165;4
11166;4
11167;4
11168;4
11169;6
11170;6
11171;6
11172;6
11173;6
11174;6
11175;6
11176;3
11177;3
11178;3
11179;3
11180;3
11181;3
11182;3
11183;3
11184;3
11185;3
11186;3
11187;3
11188;3
11189;3
11190;3
11191;3
11192;3
11193;3
11194;3
11195;3
11196;3
11197;3
11198;3
11199;3
11200;3
11201;3
11202;3
11203;3
11204;3
11205;3
11206;3
11207;3
11208;3
11209;3
11210;3
11211;3
11212;3
11213;3
11214;3
11215;3
11216;3
11217;3
11218;3
11219;3
11220;3
11221;3
11222;3
11223;3
11224;3
11225;3
11226;3
11227;3
11228;3
11229;3
11230;3
11231;3
11232;3
11233;4
11234;4
11235;4
11236;4
11237;4
11238;4
11239;4
11240;4
11241;4
11242;4
11243;3
11244;3
11245;3
11246;3
11247;3
11248;3
11249;3
11250;3
11251;3
11252;3
11253;3
11254;3
11255;3
11256;3
11257;3
11258;3
11259;3
11260;3
11261;3
11262;3
11263;3
11264;3
11265;3
11266;3
11267;3
11268;3
11269;3
11270;3
11271;3
11272;3
11273;3
11274;3
11275;3
11276;3
11277;3
11278;3
11279;3
11280;3
11281;3
11282;3
11283;3
11284;3
11285;3
11286;3
11287;3
11288;3
11289;3
11290;3
11291;3
11292;3
11293;3
11294;3
11295;3
11296;3
11297;3
11298;3
11299;3
11300;3
11301;3
11302;3
11303;3
11304;3
11305;3
11306;3
11307;3
11308;3
11309;3
11310;3
11311;3
11312;3
11313;3
11314;3
11315;3
11316;3
11317;3
11318;3
11319;3
11320;3
11321;3
11322;3
11323;3
11324;3
11325;3
11326;3
11327;3
11328;4
11329;4
11330;4
11331;4
11332;4
11333;4
11334;4
11335;4
11336;4
11337;4
11338;4
11339;4
11340;4
11341;4
11342;4
11343;3
11344;3
11345;3
11346;3
11347;3
11348;3
11349;3
11350;3
11351;3
11352;3
11353;3
11354;7
11355;7
11356;7
11357;7
11358;7
11359;7
11360;7
11361;7
11362;7
11363;7
11364;7
11365;7
11366;7
11367;7
11368;7
11369;7
11370;7
11371;7
11372;7
11373;7
11374;7
11375;4
11376;4
11377;4
11378;4
11379;4
11380;4
11381;4
11382;4
11383;4
11384;4
11385;4
11386;4
11387;4
11388;4
11389;4
11390;4
11391;4
11392;4
11393;4
11394;4
11395;4
11396;4
11397;4
11398;6
11399;6
11400;6
11401;6
11402;6
11403;6
11404;6
11405;6
11406;6
11407;6
11408;6
11409;6
11410;6
11411;6
11412;6
11413;6
11414;6
11415;6
11416;6
11417;6
11418;6
11419;6
11420;6
11421;6
11422;6
11423;4
11424;4
11425;4
11426;4
11427;4
11428;4
11429;4
11430;4
11431;4
11432;4
11433;4
11434;4
11435;4
11436;4
11437;4
11438;4
11439;4
11440;4
11441;4
11442;4
11443;4
11444;4
11445;4
11446;4
11447;4
11448;4
11449;4
11450;4
11451;4
11452;4
11453;4
11454;4
11455;4
11456;4
11457;4
11458;4
11459;4
11460;4
11461;4
11462;4
11463;3
11464;3
11465;3
11466;3
11467;3
11468;3
11469;3
11470;3
11471;3
11472;3
11473;3
11474;3
11475;3
11476;3
11477;3
11478;3
11479;3
11480;3
11481;3
11482;3
11483;3
11484;3
11485;3
11486;3
11487;3
11488;3
11489;3
11490;3
11491;3
11492;3
11493;3
11494;3
11495;3
11496;3
11497;3
11498;3
11499;3
11500;3
11501;3
11502;3
11503;3
11504;3
11505;3
11506;3
11507;3
11508;3
11509;4
11510;4
11511;4
11512;4
11513;4
11514;4
11515;4
11516;4
11517;4
11518;4
11519;4
11520;4
11521;4
11522;4
11523;4
11524;3
11525;3
11526;3
11527;3
11528;3
11529;3
11530;3
11531;3
11532;3
11533;3
11534;3
11535;3
11536;3
11537;3
11538;3
11539;3
11540;3
11541;3
11542;3
11543;3
11544;3
11545;3
11546;3
11547;3
11548;3
11549;3
11550;3
11551;3
11552;3
11553;3
11554;3
11555;3
11556;3
11557;3
11558;3
11559;3
11560;3
11561;3
11562;4
11563;4
11564;4
11565;4
11566;4
11567;4
11568;4
11569;4
11570;4
11571;4
11572;4
11573;4
11574;4
11575;4
11576;4
11577;4
11578;4
11579;4
11580;4
11581;4
11582;4
11583;4
11584;4
11585;4
11586;4
11587;4
11588;4
11589;4
11590;4
11591;7
11592;7
11593;7
11594;7
11595;7
11596;7
11597;7
11598;7
11599;7
11600;7
11601;7
11602;7
11603;7
11604;7
11605;7
11606;7
11607;7
11608;7
11609;7
11610;7
11611;7
11612;7
11613;7
11614;7
11615;7
11616;7
11617;7
11618;7
11619;7
11620;7
11621;7
11622;7
11623;7
11624;7
11625;7
11626;7
11627;7
11628;7
11629;7
11630;7
11631;7
11632;7
11633;7
11634;7
11635;7
11636;7
11637;7
11638;7
11639;7
11640;7
11641;7
11642;7
11643;7
11644;7
11645;7
11646;7
11647;7
11648;7
11649;7
11650;7
11651;7
11652;7
11653;7
11654;7
11655;7
11656;7
11657;7
11658;7
11659;7
11660;7
11661;7
11662;7
11663;7
11664;7
11665;7
11666;7
11667;7
11668;7
11669;7
11670;7
11671;7
11672;7
11673;7
11674;7
11675;7
11676;7
11677;7
11678;7
11679;7
11680;7
11681;7
11682;7
11683;7
11684;7
11685;7
11686;7
11687;7
11688;7
11689;7
11690;7
11691;7
11692;7
11693;7
11694;7
11695;7
11696;7
11697;7
11698;7
11699;7
11700;7
11701;7
11702;7
11703;7
11704;7
11705;7
11706;7
11707;7
11708;7
11709;7
11710;7
11711;7
11712;7
11713;7
11714;7
11715;7
11716;7
11717;7
11718;7
11719;7
11720;7
11721;7
11722;7
11723;7
11724;7
11725;7
11726;7
11727;7
11728;7
11729;4
11730;4
11731;4
11732;4
11733;4
11734;4
11735;4
11736;4
11737;4
11738;4
11739;4
11740;4
11741;4
11742;4
11743;4
11744;3
11745;3
11746;3
11747;3
11748;3
11749;3
11750;3
11751;3
11752;3
11753;3
11754;3
11755;3
11756;3
11757;3
11758;3
11759;3
11760;3
11761;3
11762;3
11763;3
11764;3
11765;3
11766;3
11767;3
11768;3
11769;3
11770;3
11771;3
11772;3
11773;3
11774;3
11775;3
11776;3
11777;3
11778;3
11779;3
11780;3
11781;3
11782;3
11783;3
11784;3
11785;3
11786;3
11787;3
11788;3
11789;3
11790;3
11791;3
11792;3
11793;3
11794;3
11795;3
11796;4
11797;4
11798;4
11799;4
11800;4
11801;4
11802;4
11803;4
11804;4
11805;4
11806;4
11807;4
11808;4
11809;4
11810;4
11811;4
11812;4
11813;4
11814;4
11815;4
11816;4
11817;4
11818;4
11819;4
11820;4
11821;7
11822;7
11823;7
11824;7
11825;7
11826;7
11827;7
11828;7
11829;7
11830;7
11831;7
11832;4
11833;4
11834;4
11835;4
11836;4
11837;4
11838;4
11839;4
11840;4
11841;6
11842;6
11843;6
11844;6
11845;6
11846;6
11847;6
11848;6
11849;6
11850;6
11851;3
11852;3
11853;3
11854;3
11855;3
11856;3
11857;3
11858;3
11859;3
11860;3
11861;3
11862;3
11863;3
11864;3
11865;3
11866;3
11867;3
11868;3
11869;3
11870;3
11871;3
11872;3
11873;3
11874;3
11875;3
11876;3
11877;3
11878;3
11879;3
11880;3
11881;3
11882;3
11883;3
11884;3
11885;3
11886;3
11887;3
11888;3
11889;3
11890;3
11891;3
11892;3
11893;3
11894;3
11895;3
11896;3
11897;3
11898;3
11899;3
11900;3
11901;3
11902;3
11903;3
11904;3
11905;3
11906;3
11907;3
11908;3
11909;3
11910;6
11911;6
11912;3
11913;3
11914;3
11915;3
11916;3
11917;6
11918;6
11919;6
11920;6
11921;6
11922;6
11923;6
11924;6
11925;6
11926;6
11927;6
11928;6
11929;6
11930;3
11931;3
11932;3
11933;3
11934;3
11935;3
11936;3
11937;3
11938;3
11939;3
11940;3
11941;3
11942;3
11943;3
11944;3
11945;3
11946;3
11947;3
11948;3
11949;3
11950;3
11951;3
11952;3
11953;3
11954;3
11955;3
11956;3
11957;3
11958;3
11959;3
11960;3
11961;3
11962;3
11963;3
11964;3
11965;3
11966;3
11967;3
11968;3
11969;3
11970;3
11971;3
11972;3
11973;3
11974;3
11975;5
11976;5
11977;5
11978;5
11979;5
11980;5
11981;5
11982;5
11983;5
11984;5
11985;3
11986;3
11987;3
11988;3
11989;3
11990;3
11991;3
11992;3
11993;3
11994;3
11995;3
11996;4
11997;4
11998;4
11999;4
12000;4
12001;4
12002;4
12003;4
12004;4
12005;4
12006;4
12007;4
12008;4
12009;4
12010;4
12011;4
12012;4
12013;4
12014;4
12015;4
12016;4
12017;4
12018;4
12019;4
12020;4
12021;4
12022;4
12023;2
12024;2
12025;2
12026;2
12027;2
12028;2
12029;2
12030;2
12031;2
12032;2
12033;2
12034;2
12035;2
12036;2
12037;2
12038;2
12039;2
12040;2
12041;4
12042;4
12043;4
12044;4
12045;2
12046;2
12047;2
12048;2
12049;2
12050;2
12051;2
12052;2
12053;2
12054;2
12055;2
12056;2
12057;2
12058;2
12059;2
12060;2
12061;2
12062;2
12063;2
12064;4
12065;4
12066;4
12067;4
12068;4
12069;4
12070;4
12071;4
12072;4
12073;4
12074;4
12075;4
12076;4
12077;4
12078;4
12079;4
12080;4
12081;4
12082;4
12083;4
12084;4
12085;4
12086;4
12087;4
12088;4
12089;4
12090;4
12091;4
12092;4
12093;4
12094;4
12095;4
12096;4
12097;4
12098;4
12099;4
12100;4
12101;4
12102;4
12103;4
12104;4
12105;4
12106;4
12107;4
12108;4
12109;4
12110;4
12111;4
12112;4
12113;4
12114;4
12115;4
12116;4
12117;4
12118;6
12119;6
12120;6
12121;6
12122;6
12123;6
12124;6
12125;6
12126;6
12127;3
12128;3
12129;3
12130;3
12131;3
12132;3
12133;3
12134;3
12135;3
12136;3
12137;3
12138;6
12139;6
12140;6
12141;6
12142;6
12143;6
12144;6
12145;3
12146;3
12147;6
12148;6
12149;6
12150;6
12151;6
12152;6
12153;6
12154;6
12155;6
12156;6
12157;6
12158;6
12159;6
12160;6
12161;6
12162;3
12163;3
12164;3
12165;3
12166;3
12167;3
12168;3
12169;3
12170;3
12171;3
12172;3
12173;3
12174;3
12175;3
12176;3
12177;3
12178;3
12179;3
12180;3
12181;2
12182;2
12183;2
12184;2
12185;2
12186;2
12187;2
12188;2
12189;2
12190;2
12191;2
12192;2
12193;4
12194;4
12195;4
12196;3
12197;3
12198;3
12199;4
12200;4
12201;4
