Frames,Behavior
0,5
1,5
2,5
3,5
4,5
5,5
6,5
7,5
8,5
9,5
10,3
11,3
12,3
13,3
14,3
15,3
16,3
17,3
18,3
19,3
20,3
21,3
22,3
23,3
24,3
25,3
26,3
27,3
28,3
29,3
30,3
31,3
32,3
33,3
34,3
35,3
36,3
37,3
38,3
39,3
40,3
41,3
42,3
43,3
44,3
45,3
46,3
47,3
48,3
49,3
50,3
51,3
52,3
53,3
54,3
55,3
56,3
57,3
58,3
59,3
60,3
61,3
62,3
63,3
64,3
65,3
66,3
67,3
68,3
69,3
70,3
71,3
72,3
73,3
74,3
75,3
76,3
77,3
78,3
79,3
80,3
81,2
82,2
83,2
84,2
85,2
86,2
87,2
88,2
89,3
90,3
91,3
92,3
93,3
94,3
95,3
96,3
97,3
98,3
99,3
100,3
101,3
102,3
103,3
104,3
105,3
106,3
107,3
108,3
109,3
110,3
111,4
112,4
113,4
114,4
115,4
116,4
117,4
118,4
119,4
120,4
121,4
122,4
123,3
124,3
125,3
126,3
127,4
128,4
129,4
130,4
131,4
132,4
133,4
134,4
135,4
136,4
137,4
138,4
139,4
140,4
141,4
142,4
143,3
144,3
145,3
146,3
147,3
148,3
149,3
150,3
151,3
152,3
153,3
154,3
155,3
156,3
157,3
158,3
159,3
160,3
161,3
162,6
163,6
164,6
165,6
166,6
167,6
168,6
169,6
170,6
171,3
172,3
173,3
174,3
175,3
176,3
177,3
178,3
179,3
180,3
181,3
182,3
183,3
184,3
185,3
186,3
187,3
188,3
189,3
190,3
191,6
192,6
193,6
194,6
195,6
196,6
197,6
198,6
199,3
200,3
201,3
202,3
203,3
204,3
205,3
206,3
207,3
208,3
209,3
210,3
211,3
212,2
213,2
214,2
215,2
216,2
217,2
218,2
219,2
220,2
221,2
222,2
223,2
224,2
225,2
226,2
227,2
228,2
229,2
230,2
231,2
232,2
233,2
234,2
235,2
236,2
237,2
238,2
239,2
240,2
241,4
242,4
243,4
244,4
245,4
246,4
247,4
248,4
249,4
250,5
251,5
252,5
253,5
254,5
255,5
256,5
257,5
258,5
259,5
260,5
261,5
262,5
263,5
264,5
265,5
266,5
267,5
268,5
269,5
270,5
271,5
272,5
273,5
274,3
275,3
276,3
277,3
278,3
279,3
280,3
281,3
282,3
283,4
284,4
285,4
286,4
287,4
288,4
289,4
290,4
291,4
292,4
293,4
294,4
295,4
296,4
297,4
298,4
299,4
300,4
301,4
302,4
303,4
304,4
305,4
306,4
307,4
308,4
309,4
310,4
311,4
312,4
313,4
314,4
315,4
316,4
317,4
318,4
319,4
320,4
321,4
322,4
323,3
324,3
325,3
326,3
327,3
328,3
329,3
330,3
331,3
332,3
333,3
334,3
335,3
336,3
337,3
338,3
339,3
340,3
341,3
342,3
343,3
344,3
345,3
346,3
347,3
348,3
349,3
350,3
351,3
352,3
353,3
354,3
355,3
356,3
357,3
358,3
359,3
360,3
361,3
362,3
363,3
364,3
365,3
366,3
367,3
368,3
369,3
370,3
371,3
372,3
373,3
374,3
375,3
376,3
377,3
378,3
379,3
380,3
381,3
382,3
383,5
384,5
385,5
386,5
387,5
388,5
389,5
390,5
391,5
392,5
393,5
394,5
395,5
396,5
397,5
398,5
399,5
400,5
401,5
402,5
403,5
404,5
405,5
406,5
407,5
408,5
409,5
410,5
411,4
412,4
413,4
414,4
415,4
416,4
417,4
418,4
419,4
420,4
421,4
422,4
423,4
424,4
425,4
426,4
427,4
428,4
429,4
430,4
431,4
432,4
433,4
434,4
435,4
436,4
437,4
438,4
439,4
440,4
441,4
442,4
443,4
444,4
445,4
446,4
447,4
448,3
449,3
450,3
451,3
452,3
453,3
454,3
455,3
456,3
457,3
458,3
459,3
460,3
461,3
462,3
463,3
464,3
465,3
466,3
467,3
468,3
469,3
470,3
471,3
472,4
473,4
474,4
475,4
476,4
477,4
478,4
479,4
480,4
481,4
482,4
483,4
484,4
485,4
486,4
487,4
488,4
489,4
490,4
491,4
492,4
493,4
494,4
495,4
496,4
497,4
498,4
499,4
500,4
501,4
502,4
503,4
504,4
505,4
506,4
507,4
508,4
509,4
510,4
511,4
512,4
513,4
514,4
515,4
516,4
517,4
518,4
519,3
520,3
521,3
522,3
523,3
524,3
525,3
526,3
527,3
528,3
529,3
530,3
531,3
532,3
533,3
534,3
535,3
536,3
537,3
538,3
539,3
540,3
541,3
542,3
543,3
544,3
545,3
546,3
547,3
548,3
549,3
550,3
551,3
552,3
553,3
554,3
555,3
556,3
557,3
558,3
559,3
560,3
561,3
562,3
563,3
564,3
565,3
566,3
567,3
568,3
569,3
570,3
571,3
572,3
573,3
574,3
575,3
576,3
577,3
578,3
579,3
580,3
581,3
582,3
583,3
584,3
585,3
586,3
587,3
588,3
589,3
590,3
591,3
592,3
593,3
594,3
595,3
596,3
597,3
598,3
599,3
600,3
601,3
602,3
603,3
604,3
605,3
606,3
607,3
608,3
609,3
610,3
611,3
612,3
613,3
614,3
615,3
616,3
617,3
618,3
619,3
620,3
621,3
622,3
623,3
624,3
625,3
626,3
627,3
628,3
629,3
630,3
631,3
632,3
633,3
634,3
635,3
636,3
637,3
638,3
639,3
640,3
641,3
642,3
643,3
644,3
645,3
646,3
647,3
648,3
649,3
650,3
651,3
652,3
653,3
654,5
655,5
656,5
657,5
658,5
659,5
660,5
661,5
662,5
663,5
664,5
665,5
666,5
667,5
668,5
669,5
670,5
671,5
672,5
673,5
674,5
675,5
676,5
677,5
678,5
679,5
680,5
681,5
682,5
683,5
684,5
685,5
686,5
687,5
688,5
689,5
690,5
691,5
692,5
693,5
694,5
695,5
696,5
697,5
698,5
699,5
700,5
701,5
702,5
703,5
704,5
705,4
706,4
707,4
708,4
709,4
710,4
711,4
712,4
713,4
714,4
715,4
716,4
717,4
718,4
719,4
720,4
721,4
722,4
723,4
724,4
725,4
726,4
727,4
728,4
729,4
730,4
731,4
732,4
733,4
734,3
735,3
736,3
737,3
738,3
739,3
740,3
741,3
742,3
743,3
744,3
745,3
746,3
747,3
748,3
749,3
750,3
751,3
752,3
753,3
754,3
755,6
756,6
757,6
758,6
759,6
760,6
761,6
762,6
763,6
764,6
765,3
766,3
767,3
768,3
769,3
770,3
771,3
772,3
773,3
774,3
775,3
776,3
777,3
778,3
779,3
780,3
781,5
782,5
783,5
784,5
785,5
786,5
787,5
788,5
789,5
790,5
791,5
792,5
793,5
794,5
795,5
796,5
797,5
798,5
799,5
800,3
801,3
802,3
803,3
804,3
805,3
806,3
807,3
808,3
809,3
810,3
811,3
812,3
813,3
814,3
815,3
816,3
817,3
818,3
819,3
820,3
821,3
822,3
823,3
824,3
825,3
826,3
827,3
828,3
829,3
830,3
831,3
832,3
833,3
834,3
835,3
836,3
837,3
838,3
839,3
840,3
841,3
842,3
843,3
844,3
845,3
846,3
847,3
848,3
849,3
850,3
851,3
852,3
853,3
854,3
855,3
856,3
857,3
858,3
859,3
860,3
861,3
862,3
863,3
864,3
865,3
866,3
867,3
868,3
869,3
870,3
871,3
872,3
873,3
874,3
875,3
876,3
877,6
878,6
879,6
880,6
881,6
882,6
883,6
884,6
885,3
886,3
887,3
888,3
889,3
890,3
891,3
892,3
893,3
894,3
895,3
896,3
897,3
898,3
899,3
900,6
901,6
902,6
903,6
904,6
905,6
906,6
907,6
908,6
909,3
910,3
911,3
912,3
913,3
914,3
915,3
916,3
917,3
918,3
919,3
920,3
921,3
922,3
923,5
924,5
925,5
926,5
927,5
928,5
929,5
930,5
931,5
932,5
933,5
934,5
935,5
936,5
937,5
938,5
939,5
940,5
941,5
942,5
943,5
944,3
945,3
946,3
947,3
948,3
949,3
950,3
951,3
952,3
953,3
954,3
955,5
956,5
957,5
958,5
959,5
960,5
961,5
962,5
963,5
964,5
965,5
966,5
967,5
968,5
969,5
970,5
971,5
972,5
973,5
974,5
975,5
976,5
977,5
978,5
979,5
980,5
981,5
982,5
983,5
984,5
985,5
986,5
987,5
988,5
989,5
990,5
991,5
992,5
993,5
994,5
995,5
996,5
997,5
998,5
999,5
1000,5
1001,5
1002,5
1003,5
1004,5
1005,5
1006,5
1007,3
1008,3
1009,3
1010,3
1011,3
1012,3
1013,3
1014,3
1015,5
1016,5
1017,5
1018,5
1019,5
1020,5
1021,5
1022,5
1023,5
1024,5
1025,5
1026,5
1027,5
1028,5
1029,5
1030,5
1031,5
1032,5
1033,5
1034,5
1035,5
1036,5
1037,5
1038,5
1039,5
1040,3
1041,3
1042,3
1043,3
1044,3
1045,3
1046,3
1047,3
1048,3
1049,3
1050,3
1051,3
1052,3
1053,3
1054,3
1055,5
1056,5
1057,5
1058,5
1059,5
1060,5
1061,5
1062,5
1063,5
1064,5
1065,5
1066,5
1067,5
1068,5
1069,5
1070,5
1071,3
1072,3
1073,3
1074,3
1075,3
1076,3
1077,3
1078,3
1079,3
1080,3
1081,3
1082,3
1083,3
1084,3
1085,3
1086,3
1087,3
1088,3
1089,3
1090,3
1091,3
1092,3
1093,3
1094,5
1095,5
1096,5
1097,5
1098,5
1099,5
1100,5
1101,5
1102,5
1103,5
1104,5
1105,5
1106,5
1107,5
1108,5
1109,5
1110,5
1111,5
1112,5
1113,5
1114,5
1115,5
1116,5
1117,5
1118,5
1119,5
1120,5
1121,5
1122,5
1123,5
1124,5
1125,3
1126,3
1127,3
1128,3
1129,3
1130,3
1131,3
1132,3
1133,3
1134,3
1135,3
1136,3
1137,3
1138,3
1139,3
1140,3
1141,3
1142,3
1143,3
1144,3
1145,3
1146,3
1147,3
1148,3
1149,3
1150,3
1151,3
1152,3
1153,3
1154,3
1155,3
1156,3
1157,3
1158,3
1159,3
1160,3
1161,3
1162,3
1163,3
1164,3
1165,3
1166,3
1167,3
1168,3
1169,3
1170,3
1171,3
1172,3
1173,3
1174,3
1175,3
1176,3
1177,3
1178,3
1179,3
1180,3
1181,3
1182,3
1183,3
1184,3
1185,3
1186,3
1187,3
1188,3
1189,3
1190,3
1191,3
1192,3
1193,3
1194,3
1195,3
1196,6
1197,6
1198,6
1199,6
1200,6
1201,6
1202,6
1203,6
1204,6
1205,6
1206,6
1207,6
1208,6
1209,6
1210,6
1211,6
1212,3
1213,3
1214,3
1215,3
1216,3
1217,3
1218,3
1219,3
1220,6
1221,6
1222,6
1223,6
1224,6
1225,6
1226,6
1227,6
1228,6
1229,6
1230,6
1231,6
1232,6
1233,6
1234,6
1235,4
1236,4
1237,4
1238,4
1239,4
1240,4
1241,4
1242,4
1243,4
1244,4
1245,4
1246,4
1247,4
1248,4
1249,4
1250,4
1251,4
1252,4
1253,4
1254,3
1255,3
1256,3
1257,3
1258,3
1259,3
1260,3
1261,3
1262,3
1263,3
1264,3
1265,3
1266,3
1267,3
1268,3
1269,3
1270,3
1271,6
1272,6
1273,6
1274,6
1275,6
1276,6
1277,6
1278,6
1279,6
1280,6
1281,6
1282,6
1283,6
1284,6
1285,6
1286,6
1287,6
1288,6
1289,6
1290,6
1291,3
1292,3
1293,3
1294,3
1295,3
1296,3
1297,3
1298,3
1299,3
1300,3
1301,3
1302,3
1303,3
1304,3
1305,3
1306,3
1307,3
1308,5
1309,5
1310,5
1311,5
1312,5
1313,5
1314,5
1315,5
1316,5
1317,5
1318,5
1319,5
1320,5
1321,5
1322,5
1323,5
1324,5
1325,5
1326,5
1327,5
1328,5
1329,5
1330,5
1331,5
1332,5
1333,5
1334,5
1335,5
1336,5
1337,5
1338,5
1339,5
1340,5
1341,5
1342,3
1343,3
1344,3
1345,3
1346,3
1347,3
1348,3
1349,3
1350,3
1351,3
1352,3
1353,3
1354,3
1355,3
1356,3
1357,3
1358,3
1359,3
1360,3
1361,3
1362,3
1363,3
1364,3
1365,3
1366,3
1367,3
1368,3
1369,3
1370,3
1371,3
1372,3
1373,3
1374,3
1375,3
1376,3
1377,3
1378,3
1379,3
1380,3
1381,3
1382,3
1383,3
1384,3
1385,3
1386,3
1387,3
1388,3
1389,3
1390,3
1391,3
1392,3
1393,3
1394,3
1395,3
1396,3
1397,3
1398,3
1399,3
1400,3
1401,3
1402,6
1403,6
1404,6
1405,6
1406,6
1407,3
1408,3
1409,3
1410,3
1411,3
1412,3
1413,3
1414,3
1415,3
1416,3
1417,3
1418,3
1419,3
1420,3
1421,3
1422,3
1423,3
1424,3
1425,3
1426,3
1427,3
1428,3
1429,3
1430,3
1431,6
1432,6
1433,6
1434,6
1435,6
1436,6
1437,6
1438,6
1439,6
1440,6
1441,6
1442,6
1443,6
1444,3
1445,3
1446,3
1447,3
1448,3
1449,3
1450,3
1451,3
1452,3
1453,3
1454,3
1455,3
1456,3
1457,3
1458,3
1459,3
1460,3
1461,3
1462,3
1463,3
1464,3
1465,3
1466,3
1467,3
1468,3
1469,3
1470,6
1471,6
1472,3
1473,3
1474,3
1475,3
1476,3
1477,3
1478,3
1479,3
1480,3
1481,3
1482,3
1483,3
1484,3
1485,3
1486,3
1487,3
1488,3
1489,3
1490,3
1491,5
1492,5
1493,5
1494,5
1495,5
1496,5
1497,5
1498,5
1499,5
1500,5
1501,5
1502,5
1503,5
1504,5
1505,5
1506,5
1507,5
1508,5
1509,5
1510,5
1511,5
1512,5
1513,5
1514,5
1515,5
1516,5
1517,5
1518,5
1519,5
1520,5
1521,5
1522,5
1523,5
1524,5
1525,5
1526,5
1527,5
1528,5
1529,5
1530,5
1531,5
1532,5
1533,5
1534,5
1535,5
1536,5
1537,5
1538,5
1539,5
1540,5
1541,5
1542,5
1543,5
1544,5
1545,5
1546,5
1547,5
1548,5
1549,5
1550,5
1551,5
1552,5
1553,5
1554,3
1555,3
1556,3
1557,3
1558,3
1559,3
1560,3
1561,3
1562,3
1563,3
1564,5
1565,5
1566,5
1567,5
1568,5
1569,5
1570,5
1571,5
1572,5
1573,5
1574,5
1575,5
1576,5
1577,5
1578,5
1579,5
1580,5
1581,5
1582,5
1583,5
1584,5
1585,5
1586,5
1587,5
1588,5
1589,5
1590,5
1591,5
1592,5
1593,5
1594,5
1595,5
1596,5
1597,5
1598,5
1599,5
1600,5
1601,5
1602,5
1603,5
1604,5
1605,5
1606,3
1607,3
1608,3
1609,3
1610,3
1611,3
1612,3
1613,3
1614,3
1615,3
1616,3
1617,3
1618,3
1619,3
1620,3
1621,3
1622,3
1623,3
1624,3
1625,3
1626,3
1627,3
1628,3
1629,3
1630,3
1631,5
1632,5
1633,5
1634,5
1635,5
1636,5
1637,5
1638,5
1639,5
1640,5
1641,5
1642,5
1643,5
1644,5
1645,5
1646,5
1647,5
1648,5
1649,5
1650,5
1651,5
1652,5
1653,3
1654,3
1655,3
1656,3
1657,3
1658,3
1659,3
1660,3
1661,4
1662,4
1663,4
1664,4
1665,4
1666,4
1667,4
1668,4
1669,4
1670,4
1671,4
1672,4
1673,4
1674,4
1675,4
1676,4
1677,4
1678,4
1679,4
1680,4
1681,4
1682,4
1683,4
1684,4
1685,4
1686,4
1687,4
1688,4
1689,4
1690,4
1691,4
1692,4
1693,4
1694,4
1695,4
1696,4
1697,4
1698,4
1699,4
1700,7
1701,7
1702,7
1703,7
1704,7
1705,7
1706,7
1707,7
1708,7
1709,7
1710,7
1711,3
1712,3
1713,3
1714,3
1715,3
1716,3
1717,3
1718,3
1719,3
1720,3
1721,3
1722,3
1723,3
1724,3
1725,3
1726,3
1727,3
1728,6
1729,6
1730,6
1731,6
1732,6
1733,6
1734,6
1735,6
1736,6
1737,6
1738,6
1739,3
1740,3
1741,3
1742,3
1743,3
1744,3
1745,3
1746,3
1747,3
1748,3
1749,3
1750,3
1751,3
1752,3
1753,3
1754,3
1755,3
1756,3
1757,3
1758,3
1759,3
1760,3
1761,3
1762,3
1763,3
1764,3
1765,3
1766,3
1767,3
1768,3
1769,3
1770,3
1771,3
1772,3
1773,3
1774,3
1775,3
1776,3
1777,3
1778,3
1779,3
1780,3
1781,3
1782,3
1783,3
1784,3
1785,3
1786,3
1787,3
1788,3
1789,3
1790,3
1791,3
1792,3
1793,3
1794,3
1795,3
1796,3
1797,3
1798,3
1799,3
1800,3
1801,3
1802,3
1803,3
1804,3
1805,3
1806,3
1807,3
1808,6
1809,6
1810,6
1811,6
1812,6
1813,6
1814,6
1815,6
1816,6
1817,6
1818,5
1819,5
1820,5
1821,5
1822,5
1823,5
1824,5
1825,5
1826,5
1827,3
1828,3
1829,3
1830,3
1831,5
1832,5
1833,5
1834,5
1835,5
1836,5
1837,5
1838,5
1839,5
1840,5
1841,5
1842,5
1843,5
1844,5
1845,5
1846,5
1847,5
1848,5
1849,5
1850,5
1851,5
1852,5
1853,5
1854,5
1855,5
1856,5
1857,5
1858,5
1859,5
1860,5
1861,5
1862,5
1863,5
1864,5
1865,5
1866,5
1867,5
1868,5
1869,5
1870,5
1871,5
1872,5
1873,5
1874,5
1875,5
1876,5
1877,5
1878,5
1879,5
1880,5
1881,3
1882,3
1883,3
1884,3
1885,3
1886,6
1887,6
1888,6
1889,6
1890,6
1891,5
1892,5
1893,5
1894,5
1895,5
1896,5
1897,5
1898,5
1899,5
1900,5
1901,5
1902,5
1903,5
1904,5
1905,5
1906,5
1907,5
1908,5
1909,5
1910,3
1911,3
1912,3
1913,3
1914,3
1915,3
1916,3
1917,3
1918,3
1919,5
1920,5
1921,5
1922,5
1923,5
1924,5
1925,5
1926,5
1927,5
1928,5
1929,5
1930,5
1931,5
1932,5
1933,5
1934,5
1935,5
1936,5
1937,5
1938,5
1939,5
1940,5
1941,5
1942,5
1943,5
1944,5
1945,3
1946,3
1947,3
1948,3
1949,3
1950,3
1951,3
1952,3
1953,3
1954,3
1955,3
1956,3
1957,3
1958,3
1959,3
1960,3
1961,3
1962,3
1963,3
1964,3
1965,3
1966,3
1967,3
1968,3
1969,3
1970,6
1971,6
1972,6
1973,6
1974,6
1975,6
1976,6
1977,6
1978,3
1979,3
1980,3
1981,3
1982,3
1983,3
1984,4
1985,4
1986,4
1987,4
1988,4
1989,4
1990,4
1991,4
1992,4
1993,4
1994,4
1995,6
1996,6
1997,6
1998,6
1999,6
2000,6
2001,6
2002,6
2003,6
2004,6
2005,6
2006,6
2007,6
2008,6
2009,6
2010,6
2011,6
2012,6
2013,6
2014,6
2015,6
2016,3
2017,3
2018,3
2019,3
2020,3
2021,3
2022,3
2023,3
2024,3
2025,3
2026,3
2027,3
2028,3
2029,3
2030,3
2031,3
2032,3
2033,3
2034,3
2035,3
2036,3
2037,3
2038,3
2039,3
2040,3
2041,3
2042,3
2043,3
2044,3
2045,3
2046,6
2047,6
2048,6
2049,6
2050,6
2051,6
2052,6
2053,6
2054,3
2055,3
2056,3
2057,3
2058,3
2059,3
2060,3
2061,3
2062,3
2063,3
2064,3
2065,3
2066,3
2067,3
2068,3
2069,3
2070,3
2071,3
2072,3
2073,3
2074,3
2075,3
2076,3
2077,3
2078,3
2079,3
2080,3
2081,3
2082,3
2083,3
2084,3
2085,3
2086,3
2087,3
2088,3
2089,3
2090,3
2091,3
2092,3
2093,3
2094,3
2095,3
2096,3
2097,3
2098,3
2099,3
2100,3
2101,7
2102,7
2103,7
2104,7
2105,7
2106,7
2107,7
2108,7
2109,7
2110,7
2111,7
2112,7
2113,7
2114,7
2115,7
2116,7
2117,7
2118,7
2119,7
2120,7
2121,7
2122,7
2123,7
2124,7
2125,7
2126,7
2127,7
2128,7
2129,7
2130,7
2131,7
2132,7
2133,7
2134,7
2135,7
2136,7
2137,7
2138,7
2139,7
2140,7
2141,7
2142,7
2143,6
2144,6
2145,6
2146,6
2147,6
2148,6
2149,6
2150,6
2151,3
2152,3
2153,3
2154,3
2155,3
2156,3
2157,3
2158,3
2159,3
2160,3
2161,3
2162,3
2163,3
2164,3
2165,3
2166,3
2167,6
2168,6
2169,6
2170,6
2171,6
2172,6
2173,6
2174,6
2175,3
2176,3
2177,3
2178,3
2179,3
2180,5
2181,5
2182,5
2183,5
2184,5
2185,5
2186,5
2187,5
2188,5
2189,5
2190,5
2191,5
2192,5
2193,5
2194,5
2195,5
2196,5
2197,5
2198,5
2199,5
2200,5
2201,5
2202,5
2203,5
2204,5
2205,5
2206,5
2207,5
2208,5
2209,5
2210,5
2211,4
2212,4
2213,4
2214,4
2215,4
2216,4
2217,4
2218,4
2219,4
2220,4
2221,4
2222,4
2223,4
2224,4
2225,4
2226,4
2227,4
2228,4
2229,4
2230,4
2231,4
2232,4
2233,4
2234,4
2235,4
2236,4
2237,3
2238,3
2239,3
2240,3
2241,3
2242,3
2243,3
2244,3
2245,3
2246,3
2247,3
2248,3
2249,3
2250,3
2251,3
2252,3
2253,3
2254,3
2255,3
2256,4
2257,4
2258,4
2259,4
2260,4
2261,4
2262,4
2263,4
2264,4
2265,4
2266,4
2267,4
2268,4
2269,4
2270,4
2271,4
2272,4
2273,4
2274,4
2275,4
2276,4
2277,4
2278,4
2279,4
2280,4
2281,4
2282,4
2283,4
2284,4
2285,4
2286,4
2287,4
2288,4
2289,4
2290,4
2291,4
2292,4
2293,3
2294,3
2295,3
2296,3
2297,3
2298,3
2299,3
2300,3
2301,3
2302,3
2303,3
2304,3
2305,3
2306,3
2307,3
2308,3
2309,3
2310,3
2311,3
2312,3
2313,3
2314,3
2315,3
2316,3
2317,3
2318,3
2319,3
2320,3
2321,3
2322,3
2323,3
2324,2
2325,2
2326,2
2327,2
2328,2
2329,2
2330,2
2331,2
2332,2
2333,2
2334,2
2335,2
2336,2
2337,2
2338,2
2339,2
2340,2
2341,2
2342,2
2343,2
2344,2
2345,2
2346,2
2347,3
2348,3
2349,3
2350,3
2351,3
2352,3
2353,3
2354,3
2355,3
2356,3
2357,5
2358,5
2359,5
2360,5
2361,5
2362,5
2363,5
2364,5
2365,5
2366,5
2367,5
2368,5
2369,5
2370,5
2371,5
2372,5
2373,5
2374,5
2375,5
2376,5
2377,5
2378,5
2379,5
2380,5
2381,5
2382,5
2383,5
2384,5
2385,5
2386,5
2387,5
2388,5
2389,5
2390,5
2391,5
2392,5
2393,5
2394,5
2395,5
2396,5
2397,2
2398,2
2399,2
2400,2
2401,2
2402,2
2403,2
2404,2
2405,2
2406,2
2407,2
2408,2
2409,2
2410,5
2411,5
2412,5
2413,5
2414,5
2415,5
2416,5
2417,5
2418,5
2419,5
2420,5
2421,5
2422,5
2423,5
2424,5
2425,5
2426,5
2427,5
2428,5
2429,5
2430,5
2431,5
2432,5
2433,5
2434,5
2435,5
2436,5
2437,5
2438,5
2439,2
2440,2
2441,2
2442,2
2443,2
2444,2
2445,2
2446,2
2447,2
2448,2
2449,2
2450,2
2451,2
2452,2
2453,2
2454,2
2455,2
2456,2
2457,2
2458,2
2459,2
2460,2
2461,2
2462,6
2463,6
2464,6
2465,6
2466,6
2467,6
2468,6
2469,6
2470,6
2471,6
2472,6
2473,6
2474,6
2475,6
2476,6
2477,6
2478,6
2479,6
2480,6
2481,6
2482,6
2483,6
2484,6
2485,6
2486,6
2487,6
2488,6
2489,6
2490,6
2491,6
2492,6
2493,6
2494,6
2495,6
2496,6
2497,6
2498,6
2499,6
2500,6
2501,6
2502,6
2503,6
2504,3
2505,3
2506,3
2507,3
2508,3
2509,3
2510,6
2511,6
2512,6
2513,6
2514,6
2515,6
2516,6
2517,6
2518,6
2519,6
2520,6
2521,6
2522,6
2523,6
2524,6
2525,6
2526,6
2527,6
2528,6
2529,6
2530,6
2531,6
2532,6
2533,6
2534,6
2535,6
2536,6
2537,6
2538,6
2539,6
2540,6
2541,6
2542,6
2543,6
2544,6
2545,6
2546,3
2547,3
2548,3
2549,3
2550,6
2551,6
2552,6
2553,6
2554,6
2555,6
2556,6
2557,6
2558,6
2559,3
2560,3
2561,3
2562,3
2563,3
2564,3
2565,3
2566,5
2567,5
2568,5
2569,5
2570,5
2571,5
2572,5
2573,5
2574,5
2575,5
2576,5
2577,5
2578,5
2579,5
2580,5
2581,5
2582,5
2583,5
2584,5
2585,5
2586,5
2587,5
2588,5
2589,5
2590,5
2591,5
2592,5
2593,3
2594,3
2595,3
2596,3
2597,3
2598,3
2599,3
2600,3
2601,3
2602,3
2603,3
2604,3
2605,3
2606,3
2607,6
2608,6
2609,6
2610,6
2611,6
2612,6
2613,6
2614,6
2615,6
2616,6
2617,6
2618,6
2619,6
2620,6
2621,6
2622,6
2623,6
2624,6
2625,3
2626,3
2627,3
2628,3
2629,3
2630,3
2631,3
2632,3
2633,3
2634,3
2635,3
2636,3
2637,3
2638,3
2639,3
2640,3
2641,3
2642,3
2643,3
2644,3
2645,3
2646,3
2647,3
2648,3
2649,3
2650,3
2651,3
2652,3
2653,3
2654,3
2655,3
2656,3
2657,3
2658,3
2659,3
2660,3
2661,3
2662,3
2663,3
2664,3
2665,3
2666,3
2667,3
2668,3
2669,3
2670,3
2671,3
2672,3
2673,3
2674,4
2675,4
2676,4
2677,4
2678,4
2679,4
2680,4
2681,4
2682,4
2683,4
2684,4
2685,4
2686,4
2687,4
2688,4
2689,4
2690,4
2691,4
2692,4
2693,3
2694,3
2695,3
2696,3
2697,3
2698,3
2699,3
2700,3
2701,3
2702,3
2703,3
2704,3
2705,3
2706,6
2707,6
2708,6
2709,6
2710,6
2711,6
2712,6
2713,6
2714,6
2715,6
2716,5
2717,5
2718,5
2719,5
2720,5
2721,5
2722,5
2723,5
2724,5
2725,5
2726,5
2727,2
2728,2
2729,2
2730,2
2731,2
2732,2
2733,2
2734,2
2735,2
2736,2
2737,2
2738,2
2739,2
2740,2
2741,2
2742,2
2743,2
2744,2
2745,2
2746,2
2747,2
2748,2
2749,2
2750,2
2751,2
2752,2
2753,2
2754,2
2755,2
2756,6
2757,6
2758,6
2759,6
2760,6
2761,6
2762,6
2763,6
2764,3
2765,3
2766,3
2767,3
2768,3
2769,3
2770,6
2771,6
2772,6
2773,6
2774,6
2775,6
2776,6
2777,6
2778,6
2779,6
2780,6
2781,6
2782,6
2783,6
2784,6
2785,6
2786,6
2787,6
2788,6
2789,6
2790,6
2791,6
2792,6
2793,6
2794,6
2795,6
2796,6
2797,6
2798,6
2799,6
2800,6
2801,3
2802,3
2803,3
2804,3
2805,3
2806,3
2807,3
2808,3
2809,3
2810,3
2811,3
2812,3
2813,3
2814,5
2815,5
2816,5
2817,5
2818,5
2819,5
2820,5
2821,5
2822,5
2823,5
2824,5
2825,5
2826,3
2827,3
2828,3
2829,3
2830,3
2831,3
2832,3
2833,3
2834,3
2835,3
2836,3
2837,3
2838,3
2839,3
2840,3
2841,3
2842,3
2843,3
2844,3
2845,3
2846,3
2847,3
2848,3
2849,3
2850,3
2851,3
2852,6
2853,6
2854,6
2855,6
2856,6
2857,6
2858,6
2859,6
2860,6
2861,3
2862,3
2863,3
2864,3
2865,3
2866,3
2867,3
2868,3
2869,3
2870,3
2871,3
2872,3
2873,3
2874,3
2875,3
2876,3
2877,3
2878,3
2879,3
2880,3
2881,3
2882,3
2883,3
2884,3
2885,3
2886,3
2887,3
2888,3
2889,3
2890,3
2891,3
2892,3
2893,3
2894,3
2895,3
2896,3
2897,3
2898,5
2899,5
2900,5
2901,5
2902,5
2903,5
2904,5
2905,3
2906,3
2907,3
2908,3
2909,3
2910,3
2911,3
2912,3
2913,3
2914,3
2915,3
2916,3
2917,3
2918,3
2919,3
2920,3
2921,3
2922,6
2923,6
2924,6
2925,6
2926,6
2927,6
2928,6
2929,6
2930,6
2931,6
2932,6
2933,6
2934,6
2935,6
2936,6
2937,6
2938,6
2939,6
2940,6
2941,6
2942,6
2943,6
2944,6
2945,6
2946,6
2947,3
2948,3
2949,3
2950,3
2951,3
2952,3
2953,3
2954,3
2955,3
2956,3
2957,3
2958,3
2959,3
2960,3
2961,3
2962,3
2963,6
2964,6
2965,6
2966,6
2967,6
2968,6
2969,6
2970,6
2971,6
2972,6
2973,6
2974,6
2975,6
2976,6
2977,6
2978,6
2979,6
2980,6
2981,6
2982,6
2983,6
2984,6
2985,6
2986,6
2987,6
2988,6
2989,6
2990,6
2991,6
2992,6
2993,6
2994,6
2995,6
2996,6
2997,6
2998,6
2999,6
3000,6
3001,6
3002,6
3003,6
3004,6
3005,6
3006,6
3007,6
3008,6
3009,6
3010,6
3011,6
3012,6
3013,6
3014,6
3015,6
3016,6
3017,3
3018,3
3019,3
3020,3
3021,3
3022,3
3023,3
3024,3
3025,3
3026,3
3027,6
3028,6
3029,6
3030,6
3031,6
3032,6
3033,6
3034,6
3035,3
3036,3
3037,3
3038,3
3039,3
3040,3
3041,3
3042,3
3043,3
3044,3
3045,3
3046,3
3047,3
3048,3
3049,3
3050,3
3051,3
3052,3
3053,3
3054,3
3055,3
3056,3
3057,3
3058,3
3059,3
3060,3
3061,3
3062,3
3063,3
3064,3
3065,4
3066,4
3067,4
3068,4
3069,4
3070,4
3071,4
3072,4
3073,4
3074,4
3075,4
3076,4
3077,4
3078,4
3079,4
3080,4
3081,4
3082,4
3083,4
3084,4
3085,4
3086,4
3087,4
3088,4
3089,4
3090,4
3091,4
3092,4
3093,4
3094,4
3095,3
3096,4
3097,4
3098,4
3099,4
3100,4
3101,4
3102,4
3103,4
3104,4
3105,4
3106,4
3107,4
3108,4
3109,1
3110,1
3111,1
3112,1
3113,1
3114,1
3115,1
3116,1
3117,1
3118,1
3119,1
3120,1
3121,1
3122,1
3123,1
3124,1
3125,1
3126,1
3127,1
3128,1
3129,1
3130,1
3131,1
3132,1
3133,1
3134,1
3135,1
3136,1
3137,1
3138,1
3139,1
3140,1
3141,1
3142,1
3143,1
3144,1
3145,1
3146,1
3147,1
3148,1
3149,1
3150,1
3151,1
3152,1
3153,1
3154,1
3155,1
3156,1
3157,1
3158,1
3159,1
3160,1
3161,1
3162,1
3163,1
3164,1
3165,1
3166,1
3167,4
3168,4
3169,4
3170,4
3171,4
3172,4
3173,4
3174,4
3175,4
3176,4
3177,4
3178,4
3179,3
3180,3
3181,3
3182,3
3183,3
3184,3
3185,3
3186,3
3187,3
3188,3
3189,3
3190,3
3191,3
3192,6
3193,6
3194,6
3195,6
3196,6
3197,6
3198,6
3199,6
3200,3
3201,3
3202,3
3203,3
3204,3
3205,3
3206,3
3207,3
3208,3
3209,3
3210,3
3211,3
3212,3
3213,3
3214,3
3215,3
3216,3
3217,3
3218,3
3219,3
3220,3
3221,3
3222,3
3223,3
3224,3
3225,3
3226,3
3227,3
3228,3
3229,3
3230,3
3231,3
3232,3
3233,3
3234,3
3235,3
3236,3
3237,3
3238,3
3239,3
3240,3
3241,3
3242,3
3243,3
3244,3
3245,3
3246,3
3247,3
3248,3
3249,3
3250,3
3251,3
3252,3
3253,3
3254,3
3255,3
3256,3
3257,3
3258,3
3259,3
3260,3
3261,3
3262,3
3263,3
3264,3
3265,3
3266,3
3267,3
3268,3
3269,3
3270,3
3271,3
3272,3
3273,3
3274,3
3275,3
3276,3
3277,3
3278,3
3279,3
3280,3
3281,3
3282,3
3283,3
3284,3
3285,3
3286,3
3287,3
3288,3
3289,3
3290,3
3291,7
3292,7
3293,7
3294,7
3295,7
3296,7
3297,7
3298,7
3299,7
3300,7
3301,7
3302,7
3303,7
3304,7
3305,7
3306,7
3307,7
3308,7
3309,7
3310,7
3311,7
3312,7
3313,7
3314,7
3315,7
3316,7
3317,7
3318,7
3319,7
3320,7
3321,7
3322,7
3323,7
3324,7
3325,7
3326,7
3327,7
3328,7
3329,7
3330,7
3331,7
3332,7
3333,7
3334,7
3335,7
3336,7
3337,7
3338,7
3339,7
3340,7
3341,7
3342,7
3343,7
3344,4
3345,4
3346,4
3347,4
3348,4
3349,4
3350,4
3351,4
3352,4
3353,4
3354,4
3355,7
3356,7
3357,7
3358,7
3359,7
3360,7
3361,7
3362,7
3363,7
3364,7
3365,7
3366,7
3367,7
3368,7
3369,7
3370,7
3371,7
3372,7
3373,7
3374,7
3375,7
3376,7
3377,7
3378,7
3379,7
3380,7
3381,7
3382,7
3383,7
3384,7
3385,7
3386,7
3387,7
3388,7
3389,7
3390,7
3391,7
3392,7
3393,7
3394,7
3395,7
3396,7
3397,7
3398,7
3399,7
3400,7
3401,7
3402,7
3403,7
3404,7
3405,7
3406,7
3407,7
3408,7
3409,7
3410,7
3411,7
3412,7
3413,7
3414,7
3415,7
3416,7
3417,7
3418,7
3419,7
3420,7
3421,7
3422,7
3423,7
3424,7
3425,7
3426,7
3427,7
3428,7
3429,7
3430,7
3431,7
3432,7
3433,7
3434,7
3435,7
3436,7
3437,7
3438,7
3439,7
3440,7
3441,7
3442,7
3443,7
3444,7
3445,7
3446,7
3447,7
3448,7
3449,7
3450,7
3451,7
3452,7
3453,7
3454,7
3455,7
3456,7
3457,7
3458,7
3459,7
3460,7
3461,7
3462,7
3463,7
3464,7
3465,7
3466,7
3467,7
3468,7
3469,7
3470,7
3471,7
3472,7
3473,7
3474,7
3475,7
3476,7
3477,7
3478,7
3479,7
3480,7
3481,7
3482,7
3483,7
3484,7
3485,7
3486,7
3487,7
3488,7
3489,7
3490,7
3491,7
3492,7
3493,7
3494,7
3495,7
3496,7
3497,7
3498,7
3499,7
3500,7
3501,7
3502,7
3503,7
3504,7
3505,7
3506,7
3507,7
3508,7
3509,7
3510,7
3511,7
3512,7
3513,7
3514,7
3515,7
3516,7
3517,7
3518,7
3519,7
3520,7
3521,7
3522,7
3523,7
3524,7
3525,7
3526,7
3527,7
3528,7
3529,7
3530,7
3531,7
3532,7
3533,7
3534,7
3535,7
3536,7
3537,7
3538,7
3539,7
3540,7
3541,7
3542,7
3543,7
3544,7
3545,7
3546,7
3547,7
3548,7
3549,7
3550,7
3551,7
3552,7
3553,7
3554,7
3555,7
3556,7
3557,7
3558,7
3559,7
3560,7
3561,7
3562,7
3563,7
3564,7
3565,7
3566,7
3567,7
3568,7
3569,7
3570,7
3571,4
3572,4
3573,4
3574,4
3575,4
3576,4
3577,4
3578,4
3579,4
3580,4
3581,4
3582,4
3583,4
3584,4
3585,4
3586,4
3587,4
3588,4
3589,4
3590,4
3591,4
3592,4
3593,4
3594,4
3595,4
3596,4
3597,4
3598,7
3599,7
3600,7
3601,7
3602,7
3603,7
3604,7
3605,7
3606,7
3607,7
3608,7
3609,7
3610,7
3611,7
3612,7
3613,7
3614,7
3615,7
3616,7
3617,7
3618,7
3619,7
3620,7
3621,7
3622,7
3623,7
3624,7
3625,7
3626,7
3627,7
3628,7
3629,7
3630,7
3631,7
3632,7
3633,7
3634,7
3635,7
3636,7
3637,7
3638,7
3639,7
3640,7
3641,7
3642,7
3643,7
3644,7
3645,7
3646,7
3647,7
3648,7
3649,7
3650,7
3651,7
3652,7
3653,7
3654,7
3655,7
3656,7
3657,7
3658,7
3659,7
3660,7
3661,7
3662,7
3663,7
3664,7
3665,7
3666,7
3667,7
3668,7
3669,7
3670,7
3671,7
3672,7
3673,7
3674,7
3675,7
3676,7
3677,7
3678,7
3679,7
3680,7
3681,7
3682,7
3683,7
3684,7
3685,7
3686,7
3687,7
3688,7
3689,7
3690,7
3691,7
3692,7
3693,7
3694,7
3695,7
3696,7
3697,7
3698,7
3699,7
3700,7
3701,7
3702,7
3703,7
3704,7
3705,7
3706,7
3707,7
3708,7
3709,7
3710,7
3711,7
3712,7
3713,7
3714,7
3715,7
3716,7
3717,7
3718,7
3719,7
3720,7
3721,7
3722,7
3723,7
3724,7
3725,7
3726,7
3727,7
3728,7
3729,7
3730,7
3731,7
3732,7
3733,7
3734,7
3735,7
3736,7
3737,7
3738,7
3739,7
3740,7
3741,7
3742,7
3743,7
3744,7
3745,7
3746,7
3747,7
3748,7
3749,7
3750,7
3751,7
3752,7
3753,7
3754,7
3755,7
3756,7
3757,7
3758,7
3759,7
3760,7
3761,7
3762,7
3763,7
3764,7
3765,7
3766,7
3767,7
3768,7
3769,7
3770,7
3771,7
3772,7
3773,7
3774,7
3775,7
3776,7
3777,7
3778,7
3779,7
3780,7
3781,7
3782,7
3783,7
3784,7
3785,7
3786,7
3787,7
3788,7
3789,7
3790,7
3791,7
3792,7
3793,7
3794,6
3795,6
3796,6
3797,6
3798,6
3799,6
3800,6
3801,6
3802,6
3803,6
3804,6
3805,6
3806,6
3807,6
3808,7
3809,7
3810,7
3811,7
3812,7
3813,7
3814,7
3815,7
3816,7
3817,7
3818,7
3819,7
3820,7
3821,7
3822,7
3823,7
3824,7
3825,7
3826,7
3827,7
3828,7
3829,7
3830,7
3831,7
3832,7
3833,7
3834,7
3835,7
3836,7
3837,7
3838,7
3839,7
3840,7
3841,7
3842,7
3843,7
3844,7
3845,7
3846,7
3847,7
3848,7
3849,7
3850,7
3851,7
3852,7
3853,7
3854,7
3855,7
3856,7
3857,7
3858,7
3859,7
3860,7
3861,7
3862,7
3863,7
3864,7
3865,7
3866,7
3867,7
3868,7
3869,7
3870,7
3871,4
3872,4
3873,4
3874,4
3875,4
3876,4
3877,4
3878,4
3879,4
3880,4
3881,4
3882,4
3883,4
3884,4
3885,7
3886,7
3887,7
3888,7
3889,7
3890,7
3891,7
3892,7
3893,7
3894,7
3895,7
3896,7
3897,7
3898,7
3899,7
3900,7
3901,7
3902,7
3903,7
3904,7
3905,7
3906,7
3907,7
3908,7
3909,7
3910,7
3911,7
3912,7
3913,7
3914,7
3915,7
3916,7
3917,7
3918,7
3919,7
3920,7
3921,7
3922,7
3923,7
3924,7
3925,7
3926,7
3927,7
3928,7
3929,7
3930,7
3931,7
3932,7
3933,6
3934,6
3935,6
3936,6
3937,6
3938,6
3939,6
3940,6
3941,6
3942,6
3943,6
3944,6
3945,6
3946,6
3947,6
3948,6
3949,6
3950,7
3951,7
3952,7
3953,7
3954,7
3955,7
3956,7
3957,7
3958,7
3959,7
3960,7
3961,7
3962,7
3963,7
3964,7
3965,7
3966,7
3967,7
3968,7
3969,7
3970,7
3971,7
3972,7
3973,7
3974,7
3975,7
3976,7
3977,7
3978,4
3979,4
3980,4
3981,4
3982,4
3983,4
3984,4
3985,4
3986,4
3987,4
3988,4
3989,4
3990,4
3991,4
3992,4
3993,4
3994,4
3995,3
3996,3
3997,3
3998,3
3999,3
4000,3
4001,3
4002,3
4003,3
4004,3
4005,3
4006,3
4007,3
4008,3
4009,3
4010,3
4011,3
4012,3
4013,3
4014,3
4015,3
4016,3
4017,6
4018,6
4019,6
4020,6
4021,6
4022,6
4023,6
4024,3
4025,3
4026,3
4027,3
4028,3
4029,3
4030,3
4031,3
4032,3
4033,3
4034,3
4035,3
4036,3
4037,3
4038,3
4039,3
4040,3
4041,3
4042,3
4043,3
4044,3
4045,3
4046,3
4047,3
4048,3
4049,3
4050,3
4051,3
4052,3
4053,3
4054,3
4055,3
4056,3
4057,7
4058,7
4059,7
4060,7
4061,7
4062,7
4063,7
4064,7
4065,7
4066,7
4067,7
4068,7
4069,7
4070,7
4071,7
4072,7
4073,7
4074,7
4075,7
4076,7
4077,7
4078,7
4079,7
4080,7
4081,4
4082,4
4083,4
4084,4
4085,4
4086,4
4087,4
4088,4
4089,4
4090,4
4091,4
4092,4
4093,4
4094,4
4095,4
4096,4
4097,4
4098,4
4099,4
4100,4
4101,4
4102,4
4103,4
4104,4
4105,4
4106,4
4107,4
4108,4
4109,4
4110,7
4111,7
4112,7
4113,7
4114,7
4115,7
4116,7
4117,7
4118,7
4119,7
4120,7
4121,7
4122,7
4123,7
4124,7
4125,7
4126,7
4127,7
4128,7
4129,7
4130,7
4131,7
4132,7
4133,7
4134,7
4135,7
4136,7
4137,7
4138,7
4139,7
4140,7
4141,7
4142,7
4143,7
4144,7
4145,7
4146,7
4147,7
4148,7
4149,7
4150,7
4151,7
4152,7
4153,7
4154,7
4155,7
4156,7
4157,7
4158,7
4159,7
4160,7
4161,7
4162,7
4163,7
4164,7
4165,7
4166,7
4167,7
4168,7
4169,4
4170,4
4171,4
4172,4
4173,4
4174,4
4175,4
4176,4
4177,4
4178,4
4179,4
4180,4
4181,4
4182,4
4183,4
4184,4
4185,4
4186,4
4187,4
4188,6
4189,6
4190,6
4191,6
4192,6
4193,6
4194,6
4195,6
4196,6
4197,6
4198,6
4199,6
4200,6
4201,6
4202,6
4203,6
4204,6
4205,6
4206,6
4207,6
4208,6
4209,6
4210,6
4211,3
4212,3
4213,3
4214,3
4215,3
4216,3
4217,3
4218,3
4219,3
4220,3
4221,3
4222,3
4223,3
4224,3
4225,3
4226,3
4227,3
4228,3
4229,3
4230,3
4231,5
4232,5
4233,5
4234,5
4235,5
4236,5
4237,5
4238,5
4239,3
4240,3
4241,3
4242,3
4243,3
4244,3
4245,3
4246,3
4247,3
4248,3
4249,3
4250,3
4251,3
4252,4
4253,4
4254,4
4255,4
4256,4
4257,4
4258,4
4259,4
4260,4
4261,4
4262,4
4263,4
4264,4
4265,4
4266,4
4267,4
4268,4
4269,4
4270,4
4271,4
4272,4
4273,4
4274,4
4275,4
4276,4
4277,4
4278,4
4279,4
4280,4
4281,4
4282,4
4283,4
4284,4
4285,3
4286,3
4287,3
4288,3
4289,3
4290,3
4291,3
4292,3
4293,3
4294,3
4295,3
4296,3
4297,3
4298,3
4299,3
4300,3
4301,3
4302,3
4303,3
4304,3
4305,3
4306,3
4307,3
4308,3
4309,3
4310,3
4311,3
4312,3
4313,3
4314,3
4315,3
4316,3
4317,3
4318,3
4319,3
4320,3
4321,3
4322,3
4323,3
4324,3
4325,3
4326,3
4327,3
4328,3
4329,5
4330,5
4331,5
4332,5
4333,5
4334,5
4335,5
4336,5
4337,5
4338,5
4339,5
4340,5
4341,5
4342,5
4343,5
4344,5
4345,5
4346,5
4347,5
4348,5
4349,5
4350,5
4351,5
4352,3
4353,3
4354,3
4355,3
4356,3
4357,3
4358,3
4359,3
4360,3
4361,3
4362,3
4363,3
4364,3
4365,3
4366,3
4367,3
4368,3
4369,3
4370,3
4371,3
4372,3
4373,3
4374,3
4375,3
4376,3
4377,3
4378,3
4379,3
4380,3
4381,3
4382,6
4383,6
4384,6
4385,6
4386,6
4387,6
4388,6
4389,6
4390,6
4391,6
4392,6
4393,6
4394,6
4395,5
4396,5
4397,5
4398,5
4399,5
4400,5
4401,5
4402,5
4403,5
4404,5
4405,5
4406,5
4407,5
4408,5
4409,5
4410,5
4411,5
4412,5
4413,5
4414,5
4415,5
4416,5
4417,5
4418,5
4419,5
4420,5
4421,5
4422,5
4423,5
4424,5
4425,5
4426,5
4427,5
4428,5
4429,5
4430,5
4431,5
4432,5
4433,5
4434,5
4435,5
4436,5
4437,5
4438,5
4439,5
4440,5
4441,5
4442,5
4443,5
4444,5
4445,5
4446,5
4447,5
4448,5
4449,5
4450,5
4451,5
4452,5
4453,5
4454,3
4455,3
4456,3
4457,3
4458,3
4459,3
4460,3
4461,3
4462,3
4463,6
4464,6
4465,6
4466,6
4467,6
4468,6
4469,6
4470,6
4471,6
4472,6
4473,6
4474,6
4475,3
4476,3
4477,3
4478,3
4479,3
4480,3
4481,3
4482,3
4483,3
4484,3
4485,3
4486,3
4487,3
4488,3
4489,3
4490,3
4491,3
4492,3
4493,3
4494,3
4495,3
4496,3
4497,3
4498,3
4499,3
4500,3
4501,3
4502,3
4503,3
4504,3
4505,3
4506,3
4507,3
4508,3
4509,5
4510,5
4511,5
4512,5
4513,5
4514,5
4515,5
4516,5
4517,5
4518,5
4519,5
4520,5
4521,5
4522,5
4523,5
4524,5
4525,5
4526,5
4527,5
4528,5
4529,5
4530,5
4531,5
4532,5
4533,5
4534,5
4535,5
4536,5
4537,5
4538,5
4539,5
4540,5
4541,5
4542,5
4543,5
4544,5
4545,5
4546,3
4547,3
4548,3
4549,3
4550,3
4551,3
4552,3
4553,3
4554,3
4555,3
4556,3
4557,3
4558,3
4559,3
4560,3
4561,3
4562,3
4563,3
4564,3
4565,3
4566,3
4567,3
4568,3
4569,3
4570,3
4571,3
4572,3
4573,3
4574,3
4575,3
4576,3
4577,3
4578,3
4579,3
4580,3
4581,3
4582,3
4583,3
4584,3
4585,3
4586,3
4587,3
4588,3
4589,3
4590,3
4591,3
4592,3
4593,3
4594,3
4595,3
4596,3
4597,3
4598,3
4599,3
4600,3
4601,3
4602,3
4603,3
4604,3
4605,3
4606,3
4607,3
4608,3
4609,3
4610,3
4611,5
4612,5
4613,5
4614,5
4615,5
4616,5
4617,5
4618,5
4619,5
4620,5
4621,5
4622,5
4623,3
4624,3
4625,3
4626,3
4627,3
4628,3
4629,3
4630,3
4631,3
4632,3
4633,3
4634,3
4635,3
4636,3
4637,3
4638,3
4639,3
4640,3
4641,3
4642,3
4643,3
4644,3
4645,3
4646,3
4647,3
4648,3
4649,3
4650,3
4651,3
4652,3
4653,3
4654,3
4655,6
4656,6
4657,6
4658,6
4659,6
4660,6
4661,6
4662,6
4663,6
4664,6
4665,3
4666,3
4667,3
4668,3
4669,3
4670,5
4671,5
4672,5
4673,5
4674,5
4675,5
4676,5
4677,5
4678,5
4679,5
4680,5
4681,5
4682,5
4683,5
4684,5
4685,5
4686,5
4687,5
4688,5
4689,3
4690,3
4691,3
4692,3
4693,3
4694,3
4695,3
4696,3
4697,3
4698,3
4699,4
4700,4
4701,4
4702,4
4703,4
4704,4
4705,4
4706,4
4707,4
4708,4
4709,4
4710,4
4711,4
4712,4
4713,4
4714,4
4715,4
4716,4
4717,4
4718,4
4719,4
4720,4
4721,4
4722,4
4723,4
4724,4
4725,4
4726,4
4727,4
4728,4
4729,4
4730,4
4731,4
4732,4
4733,4
4734,4
4735,4
4736,4
4737,4
4738,4
4739,4
4740,4
4741,4
4742,6
4743,6
4744,3
4745,3
4746,3
4747,3
4748,3
4749,3
4750,3
4751,3
4752,3
4753,3
4754,3
4755,3
4756,3
4757,3
4758,3
4759,3
4760,3
4761,3
4762,3
4763,3
4764,3
4765,3
4766,3
4767,3
4768,3
4769,3
4770,3
4771,3
4772,3
4773,3
4774,3
4775,3
4776,3
4777,3
4778,3
4779,5
4780,5
4781,5
4782,5
4783,5
4784,5
4785,5
4786,5
4787,5
4788,5
4789,5
4790,5
4791,5
4792,5
4793,5
4794,5
4795,5
4796,5
4797,5
4798,5
4799,5
4800,5
4801,5
4802,5
4803,5
4804,5
4805,5
4806,5
4807,5
4808,5
4809,5
4810,5
4811,5
4812,5
4813,5
4814,5
4815,5
4816,5
4817,5
4818,5
4819,5
4820,5
4821,5
4822,5
4823,5
4824,5
4825,5
4826,5
4827,5
4828,5
4829,5
4830,5
4831,5
4832,5
4833,5
4834,5
4835,5
4836,5
4837,5
4838,5
4839,5
4840,5
4841,2
4842,2
4843,2
4844,2
4845,2
4846,2
4847,2
4848,2
4849,2
4850,2
4851,2
4852,2
4853,2
4854,2
4855,2
4856,2
4857,5
4858,5
4859,5
4860,5
4861,5
4862,5
4863,5
4864,5
4865,5
4866,5
4867,5
4868,5
4869,5
4870,5
4871,5
4872,5
4873,5
4874,5
4875,5
4876,5
4877,5
4878,2
4879,2
4880,2
4881,2
4882,2
4883,2
4884,2
4885,2
4886,2
4887,2
4888,2
4889,2
4890,2
4891,2
4892,5
4893,5
4894,5
4895,5
4896,5
4897,5
4898,5
4899,5
4900,5
4901,5
4902,3
4903,3
4904,3
4905,3
4906,3
4907,3
4908,3
4909,3
4910,3
4911,4
4912,4
4913,4
4914,4
4915,4
4916,4
4917,4
4918,4
4919,4
4920,4
4921,4
4922,4
4923,4
4924,4
4925,4
4926,4
4927,2
4928,2
4929,2
4930,2
4931,2
4932,2
4933,2
4934,2
4935,2
4936,2
4937,2
4938,2
4939,2
4940,2
4941,5
4942,5
4943,5
4944,5
4945,5
4946,5
4947,5
4948,5
4949,5
4950,5
4951,5
4952,5
4953,5
4954,5
4955,5
4956,5
4957,5
4958,5
4959,5
4960,5
4961,5
4962,5
4963,5
4964,5
4965,5
4966,5
4967,5
4968,5
4969,5
4970,5
4971,5
4972,5
4973,5
4974,5
4975,5
4976,5
4977,5
4978,5
4979,5
4980,5
4981,5
4982,5
4983,5
4984,5
4985,5
4986,5
4987,5
4988,5
4989,5
4990,5
4991,5
4992,5
4993,5
4994,5
4995,5
4996,5
4997,5
4998,5
4999,5
5000,3
5001,3
5002,3
5003,3
5004,5
5005,5
5006,5
5007,5
5008,5
5009,5
5010,5
5011,5
5012,5
5013,5
5014,5
5015,5
5016,5
5017,5
5018,5
5019,5
5020,5
5021,5
5022,5
5023,3
5024,3
5025,3
5026,3
5027,3
5028,3
5029,3
5030,3
5031,3
5032,3
5033,3
5034,3
5035,3
5036,5
5037,5
5038,5
5039,5
5040,5
5041,2
5042,2
5043,2
5044,2
5045,2
5046,2
5047,2
5048,2
5049,2
5050,2
5051,2
5052,4
5053,4
5054,4
5055,4
5056,4
5057,4
5058,4
5059,4
5060,4
5061,4
5062,4
5063,4
5064,4
5065,4
5066,4
5067,4
5068,4
5069,4
5070,4
5071,4
5072,4
5073,4
5074,6
5075,6
5076,6
5077,6
5078,6
5079,6
5080,6
5081,6
5082,6
5083,6
5084,6
5085,6
5086,6
5087,6
5088,6
5089,3
5090,3
5091,3
5092,3
5093,3
5094,3
5095,3
5096,3
5097,3
5098,3
5099,3
5100,3
5101,3
5102,3
5103,3
5104,3
5105,3
5106,3
5107,3
5108,3
5109,3
5110,3
5111,3
5112,3
5113,3
5114,3
5115,3
5116,3
5117,3
5118,3
5119,2
5120,2
5121,2
5122,2
5123,2
5124,2
5125,2
5126,2
5127,2
5128,2
5129,2
5130,2
5131,2
5132,2
5133,2
5134,2
5135,2
5136,2
5137,2
5138,2
5139,2
5140,2
5141,2
5142,2
5143,5
5144,5
5145,5
5146,5
5147,5
5148,5
5149,3
5150,3
5151,3
5152,3
5153,3
5154,3
5155,3
5156,3
5157,3
5158,3
5159,3
5160,3
5161,3
5162,3
5163,3
5164,3
5165,3
5166,3
5167,3
5168,3
5169,3
5170,3
5171,4
5172,4
5173,4
5174,4
5175,4
5176,4
5177,4
5178,4
5179,4
5180,4
5181,4
5182,4
5183,4
5184,4
5185,4
5186,5
5187,5
5188,5
5189,5
5190,5
5191,5
5192,5
5193,5
5194,5
5195,5
5196,5
5197,5
5198,5
5199,5
5200,3
5201,3
5202,3
5203,3
5204,3
5205,3
5206,3
5207,3
5208,3
5209,3
5210,3
5211,3
5212,3
5213,3
5214,3
5215,3
5216,3
5217,3
5218,3
5219,3
5220,3
5221,3
5222,3
5223,3
5224,3
5225,3
5226,3
5227,3
5228,3
5229,3
5230,3
5231,3
5232,3
5233,3
5234,3
5235,3
5236,3
5237,3
5238,3
5239,3
5240,3
5241,3
5242,3
5243,3
5244,3
5245,3
5246,3
5247,3
5248,3
5249,3
5250,3
5251,3
5252,3
5253,3
5254,3
5255,3
5256,3
5257,3
5258,3
5259,3
5260,3
5261,3
5262,3
5263,3
5264,3
5265,3
5266,3
5267,3
5268,3
5269,3
5270,3
5271,3
5272,3
5273,3
5274,3
5275,1
5276,1
5277,1
5278,1
5279,1
5280,1
5281,1
5282,1
5283,1
5284,1
5285,1
5286,1
5287,1
5288,1
5289,1
5290,1
5291,1
5292,1
5293,1
5294,1
5295,1
5296,1
5297,1
5298,1
5299,1
5300,1
5301,1
5302,1
5303,1
5304,1
5305,1
5306,1
5307,1
5308,1
5309,1
5310,1
5311,1
5312,1
5313,1
5314,1
5315,1
5316,1
5317,1
5318,1
5319,1
5320,1
5321,1
5322,1
5323,1
5324,1
5325,1
5326,1
5327,1
5328,1
5329,1
5330,1
5331,4
5332,4
5333,4
5334,4
5335,4
5336,4
5337,4
5338,4
5339,4
5340,3
5341,3
5342,3
5343,3
5344,3
5345,3
5346,3
5347,3
5348,3
5349,3
5350,3
5351,3
5352,3
5353,3
5354,3
5355,3
5356,3
5357,3
5358,3
5359,3
5360,3
5361,3
5362,3
5363,5
5364,5
5365,5
5366,5
5367,5
5368,5
5369,5
5370,5
5371,5
5372,5
5373,5
5374,5
5375,5
5376,5
5377,5
5378,5
5379,5
5380,5
5381,2
5382,2
5383,2
5384,2
5385,2
5386,2
5387,2
5388,6
5389,6
5390,6
5391,6
5392,6
5393,6
5394,6
5395,6
5396,6
5397,6
5398,6
5399,6
5400,6
5401,6
5402,6
5403,6
5404,6
5405,6
5406,6
5407,6
5408,6
5409,6
5410,6
5411,6
5412,6
5413,6
5414,3
5415,3
5416,3
5417,3
5418,3
5419,3
5420,3
5421,3
5422,3
5423,3
5424,3
5425,3
5426,3
5427,3
5428,3
5429,3
5430,3
5431,3
5432,3
5433,3
5434,3
5435,3
5436,3
5437,3
5438,3
5439,3
5440,3
5441,3
5442,3
5443,3
5444,3
5445,3
5446,3
5447,3
5448,3
5449,3
5450,3
5451,3
5452,6
5453,6
5454,6
5455,6
5456,6
5457,6
5458,6
5459,6
5460,6
5461,6
5462,6
5463,6
5464,6
5465,6
5466,6
5467,6
5468,6
5469,6
5470,6
5471,6
5472,6
5473,6
5474,6
5475,6
5476,6
5477,3
5478,3
5479,3
5480,3
5481,3
5482,3
5483,3
5484,3
5485,3
5486,3
5487,3
5488,3
5489,3
5490,3
5491,3
5492,3
5493,3
5494,3
5495,3
5496,3
5497,3
5498,3
5499,6
5500,6
5501,6
5502,6
5503,6
5504,3
5505,3
5506,3
5507,3
5508,3
5509,3
5510,3
5511,3
5512,6
5513,6
5514,6
5515,3
5516,3
5517,3
5518,3
5519,3
5520,3
5521,3
5522,3
5523,3
5524,3
5525,3
5526,3
5527,3
5528,3
5529,3
5530,3
5531,3
5532,3
5533,3
5534,3
5535,3
5536,3
5537,3
5538,3
5539,3
5540,3
5541,3
5542,3
5543,3
5544,3
5545,3
5546,3
5547,3
5548,3
5549,3
5550,3
5551,3
5552,6
5553,6
5554,6
5555,6
5556,6
5557,6
5558,6
5559,6
5560,3
5561,3
5562,3
5563,3
5564,3
5565,3
5566,3
5567,3
5568,3
5569,3
5570,3
5571,3
5572,3
5573,3
5574,3
5575,3
5576,3
5577,3
5578,3
5579,3
5580,3
5581,3
5582,3
5583,3
5584,3
5585,3
5586,3
5587,4
5588,4
5589,4
5590,4
5591,4
5592,4
5593,4
5594,4
5595,4
5596,4
5597,4
5598,4
5599,4
5600,4
5601,4
5602,4
5603,4
5604,4
5605,4
5606,4
5607,4
5608,4
5609,3
5610,3
5611,3
5612,3
5613,3
5614,3
5615,3
5616,3
5617,3
5618,3
5619,3
5620,3
5621,3
5622,3
5623,4
5624,4
5625,4
5626,4
5627,4
5628,4
5629,4
5630,4
5631,4
5632,4
5633,4
5634,4
5635,4
5636,4
5637,4
5638,4
5639,4
5640,3
5641,3
5642,3
5643,3
5644,3
5645,3
5646,3
5647,3
5648,3
5649,3
5650,3
5651,3
5652,3
5653,3
5654,3
5655,3
5656,3
5657,3
5658,3
5659,3
5660,3
5661,3
5662,3
5663,3
5664,3
5665,3
5666,3
5667,3
5668,3
5669,5
5670,5
5671,5
5672,5
5673,5
5674,5
5675,5
5676,3
5677,3
5678,3
5679,3
5680,5
5681,5
5682,5
5683,5
5684,5
5685,5
5686,5
5687,5
5688,5
5689,5
5690,5
5691,5
5692,5
5693,5
5694,5
5695,5
5696,5
5697,5
5698,5
5699,5
5700,5
5701,3
5702,3
5703,3
5704,3
5705,3
5706,3
5707,3
5708,3
5709,3
5710,4
5711,4
5712,4
5713,4
5714,4
5715,4
5716,4
5717,4
5718,4
5719,4
5720,4
5721,3
5722,4
5723,4
5724,4
5725,4
5726,4
5727,4
5728,4
5729,4
5730,4
5731,4
5732,4
5733,4
5734,4
5735,4
5736,4
5737,4
5738,4
5739,3
5740,3
5741,3
5742,3
5743,3
5744,3
5745,3
5746,3
5747,3
5748,3
5749,3
5750,7
5751,7
5752,7
5753,7
5754,7
5755,7
5756,7
5757,7
5758,7
5759,7
5760,7
5761,7
5762,7
5763,7
5764,7
5765,7
5766,7
5767,7
5768,7
5769,7
5770,7
5771,7
5772,7
5773,7
5774,7
5775,7
5776,7
5777,7
5778,7
5779,7
5780,7
5781,7
5782,7
5783,7
5784,7
5785,7
5786,7
5787,7
5788,7
5789,7
5790,7
5791,7
5792,7
5793,7
5794,7
5795,7
5796,7
5797,7
5798,7
5799,7
5800,4
5801,4
5802,4
5803,4
5804,4
5805,4
5806,4
5807,4
5808,4
5809,4
5810,4
5811,4
5812,4
5813,4
5814,4
5815,4
5816,4
5817,4
5818,4
5819,4
5820,4
5821,4
5822,4
5823,4
5824,4
5825,4
5826,4
5827,4
5828,4
5829,4
5830,4
5831,4
5832,4
5833,4
5834,4
5835,4
5836,4
5837,4
5838,4
5839,4
5840,4
5841,4
5842,4
5843,4
5844,4
5845,4
5846,4
5847,4
5848,4
5849,4
5850,4
5851,4
5852,4
5853,4
5854,4
5855,4
5856,4
5857,4
5858,4
5859,4
5860,4
5861,4
5862,4
5863,4
5864,4
5865,4
5866,4
5867,4
5868,4
5869,4
5870,4
5871,4
5872,4
5873,4
5874,4
5875,4
5876,4
5877,4
5878,4
5879,4
5880,4
5881,4
5882,4
5883,4
5884,4
5885,4
5886,4
5887,4
5888,4
5889,4
5890,4
5891,4
5892,4
5893,4
5894,4
5895,4
5896,4
5897,4
5898,4
5899,4
5900,4
5901,4
5902,4
5903,4
5904,4
5905,4
5906,4
5907,4
5908,4
5909,4
5910,4
5911,4
5912,4
5913,4
5914,4
5915,4
5916,4
5917,4
5918,4
5919,4
5920,4
5921,4
5922,4
5923,4
5924,4
5925,4
5926,4
5927,4
5928,4
5929,4
5930,4
5931,4
5932,4
5933,4
5934,4
5935,4
5936,4
5937,4
5938,4
5939,4
5940,4
5941,4
5942,4
5943,4
5944,4
5945,4
5946,4
5947,4
5948,4
5949,4
5950,4
5951,4
5952,4
5953,4
5954,4
5955,4
5956,4
5957,4
5958,4
5959,4
5960,4
5961,4
5962,4
5963,4
5964,4
5965,4
5966,4
5967,4
5968,4
5969,4
5970,4
5971,4
5972,4
5973,4
5974,4
5975,4
5976,4
5977,4
5978,4
5979,4
5980,4
5981,4
5982,4
5983,4
5984,4
5985,4
5986,4
5987,4
5988,4
5989,4
5990,4
5991,4
5992,4
5993,4
5994,4
5995,4
5996,4
5997,4
5998,4
5999,4
6000,4
6001,4
6002,4
6003,4
6004,4
6005,4
6006,4
6007,4
6008,4
6009,4
6010,4
6011,4
6012,4
6013,4
6014,4
6015,4
6016,4
6017,4
6018,4
6019,4
6020,4
6021,4
6022,4
6023,4
6024,4
6025,4
6026,4
6027,4
6028,4
6029,4
6030,4
6031,4
6032,4
6033,4
6034,4
6035,4
6036,4
6037,4
6038,4
6039,4
6040,4
6041,4
6042,4
6043,4
6044,4
6045,4
6046,4
6047,4
6048,4
6049,4
6050,4
6051,4
6052,4
6053,4
6054,4
6055,4
6056,4
6057,4
6058,4
6059,4
6060,4
6061,4
6062,4
6063,4
6064,4
6065,4
6066,4
6067,4
6068,4
6069,4
6070,4
6071,4
6072,4
6073,4
6074,4
6075,4
6076,3
6077,3
6078,3
6079,3
6080,3
6081,3
6082,3
6083,3
6084,3
6085,3
6086,3
6087,3
6088,3
6089,3
6090,3
6091,3
6092,3
6093,3
6094,3
6095,3
6096,3
6097,3
6098,3
6099,3
6100,3
6101,4
6102,4
6103,4
6104,4
6105,4
6106,4
6107,4
6108,4
6109,4
6110,4
6111,4
6112,4
6113,4
6114,4
6115,4
6116,4
6117,4
6118,4
6119,4
6120,4
6121,4
6122,4
6123,4
6124,4
6125,4
6126,4
6127,4
6128,4
6129,4
6130,4
6131,4
6132,4
6133,4
6134,4
6135,4
6136,4
6137,4
6138,4
6139,4
6140,4
6141,4
6142,4
6143,4
6144,4
6145,4
6146,4
6147,4
6148,4
6149,4
6150,4
6151,4
6152,3
6153,3
6154,3
6155,3
6156,3
6157,3
6158,3
6159,3
6160,3
6161,3
6162,3
6163,3
6164,3
6165,3
6166,3
6167,3
6168,3
6169,3
6170,3
6171,3
6172,3
6173,3
6174,3
6175,3
6176,3
6177,3
6178,3
6179,3
6180,3
6181,3
6182,3
6183,3
6184,3
6185,3
6186,3
6187,3
6188,3
6189,3
6190,3
6191,3
6192,3
6193,3
6194,3
6195,3
6196,3
6197,3
6198,3
6199,3
6200,3
6201,3
6202,3
6203,3
6204,3
6205,3
6206,3
6207,3
6208,3
6209,3
6210,4
6211,4
6212,4
6213,4
6214,4
6215,4
6216,4
6217,4
6218,4
6219,4
6220,4
6221,4
6222,4
6223,4
6224,4
6225,4
6226,4
6227,4
6228,4
6229,4
6230,4
6231,4
6232,4
6233,4
6234,4
6235,4
6236,7
6237,7
6238,7
6239,7
6240,7
6241,7
6242,7
6243,7
6244,7
6245,7
6246,7
6247,7
6248,7
6249,7
6250,7
6251,7
6252,7
6253,7
6254,7
6255,7
6256,7
6257,7
6258,7
6259,7
6260,7
6261,7
6262,7
6263,7
6264,7
6265,7
6266,7
6267,7
6268,7
6269,7
6270,7
6271,7
6272,7
6273,7
6274,7
6275,7
6276,7
6277,7
6278,7
6279,7
6280,7
6281,7
6282,7
6283,7
6284,7
6285,7
6286,7
6287,7
6288,7
6289,7
6290,7
6291,7
6292,7
6293,7
6294,7
6295,7
6296,7
6297,7
6298,7
6299,7
6300,7
6301,7
6302,7
6303,7
6304,7
6305,7
6306,7
6307,7
6308,7
6309,7
6310,7
6311,7
6312,7
6313,7
6314,7
6315,7
6316,7
6317,7
6318,7
6319,4
6320,4
6321,4
6322,4
6323,4
6324,4
6325,4
6326,4
6327,4
6328,4
6329,4
6330,4
6331,4
6332,4
6333,4
6334,4
6335,4
6336,4
6337,4
6338,4
6339,4
6340,4
6341,4
6342,4
6343,4
6344,4
6345,4
6346,4
6347,4
6348,4
6349,4
6350,4
6351,4
6352,4
6353,4
6354,4
6355,4
6356,7
6357,7
6358,7
6359,7
6360,7
6361,7
6362,7
6363,7
6364,7
6365,7
6366,7
6367,7
6368,7
6369,7
6370,7
6371,7
6372,7
6373,7
6374,7
6375,7
6376,7
6377,7
6378,7
6379,7
6380,7
6381,7
6382,7
6383,7
6384,7
6385,7
6386,7
6387,7
6388,7
6389,7
6390,7
6391,7
6392,7
6393,7
6394,7
6395,7
6396,7
6397,7
6398,7
6399,7
6400,7
6401,7
6402,7
6403,7
6404,7
6405,7
6406,7
6407,7
6408,7
6409,7
6410,7
6411,7
6412,7
6413,7
6414,7
6415,7
6416,7
6417,7
6418,7
6419,7
6420,7
6421,7
6422,7
6423,7
6424,7
6425,7
6426,7
6427,7
6428,7
6429,7
6430,7
6431,7
6432,7
6433,7
6434,7
6435,7
6436,7
6437,7
6438,7
6439,7
6440,7
6441,7
6442,7
6443,7
6444,7
6445,7
6446,7
6447,7
6448,7
6449,7
6450,7
6451,7
6452,7
6453,7
6454,7
6455,7
6456,7
6457,7
6458,7
6459,7
6460,7
6461,7
6462,7
6463,7
6464,7
6465,7
6466,7
6467,7
6468,7
6469,7
6470,7
6471,7
6472,7
6473,7
6474,7
6475,7
6476,7
6477,7
6478,7
6479,7
6480,7
6481,7
6482,7
6483,7
6484,7
6485,7
6486,7
6487,7
6488,7
6489,7
6490,7
6491,7
6492,7
6493,7
6494,7
6495,7
6496,7
6497,7
6498,7
6499,7
6500,7
6501,7
6502,7
6503,7
6504,7
6505,7
6506,7
6507,7
6508,7
6509,7
6510,7
6511,7
6512,7
6513,7
6514,7
6515,7
6516,7
6517,7
6518,7
6519,7
6520,7
6521,7
6522,7
6523,7
6524,7
6525,7
6526,7
6527,7
6528,7
6529,7
6530,7
6531,7
6532,7
6533,7
6534,7
6535,7
6536,7
6537,7
6538,7
6539,7
6540,7
6541,7
6542,7
6543,7
6544,7
6545,7
6546,7
6547,7
6548,7
6549,7
6550,7
6551,7
6552,7
6553,7
6554,7
6555,7
6556,7
6557,7
6558,7
6559,7
6560,7
6561,7
6562,7
6563,7
6564,7
6565,7
6566,7
6567,7
6568,7
6569,7
6570,7
6571,7
6572,7
6573,7
6574,7
6575,7
6576,7
6577,7
6578,7
6579,7
6580,7
6581,7
6582,7
6583,7
6584,7
6585,7
6586,7
6587,7
6588,7
6589,7
6590,7
6591,7
6592,7
6593,7
6594,7
6595,7
6596,7
6597,7
6598,7
6599,7
6600,7
6601,7
6602,7
6603,7
6604,7
6605,7
6606,7
6607,7
6608,7
6609,7
6610,7
6611,7
6612,7
6613,7
6614,7
6615,7
6616,7
6617,7
6618,7
6619,7
6620,4
6621,4
6622,4
6623,4
6624,4
6625,4
6626,4
6627,4
6628,4
6629,4
6630,4
6631,4
6632,4
6633,4
6634,4
6635,4
6636,4
6637,4
6638,4
6639,4
6640,4
6641,4
6642,6
6643,6
6644,6
6645,6
6646,6
6647,6
6648,6
6649,6
6650,6
6651,6
6652,6
6653,6
6654,6
6655,6
6656,6
6657,6
6658,6
6659,6
6660,6
6661,6
6662,6
6663,6
6664,6
6665,6
6666,4
6667,4
6668,4
6669,4
6670,4
6671,4
6672,4
6673,4
6674,4
6675,4
6676,4
6677,4
6678,4
6679,4
6680,4
6681,4
6682,4
6683,4
6684,4
6685,4
6686,4
6687,4
6688,4
6689,4
6690,4
6691,4
6692,4
6693,4
6694,4
6695,4
6696,4
6697,4
6698,4
6699,4
6700,4
6701,4
6702,4
6703,4
6704,4
6705,4
6706,4
6707,4
6708,4
6709,4
6710,4
6711,4
6712,4
6713,4
6714,4
6715,4
6716,4
6717,4
6718,4
6719,4
6720,4
6721,4
6722,4
6723,4
6724,4
6725,4
6726,4
6727,4
6728,4
6729,4
6730,4
6731,4
6732,4
6733,4
6734,4
6735,4
6736,4
6737,4
6738,4
6739,4
6740,4
6741,4
6742,4
6743,4
6744,4
6745,4
6746,4
6747,4
6748,4
6749,4
6750,4
6751,4
6752,4
6753,4
6754,4
6755,4
6756,4
6757,4
6758,4
6759,4
6760,4
6761,4
6762,4
6763,4
6764,4
6765,4
6766,4
6767,4
6768,4
6769,4
6770,4
6771,4
6772,4
6773,4
6774,4
6775,4
6776,4
6777,4
6778,4
6779,4
6780,4
6781,4
6782,4
6783,4
6784,4
6785,4
6786,4
6787,4
6788,4
6789,4
6790,4
6791,4
6792,4
6793,4
6794,4
6795,4
6796,4
6797,4
6798,4
6799,4
6800,4
6801,4
6802,4
6803,4
6804,4
6805,4
6806,4
6807,4
6808,4
6809,4
6810,4
6811,4
6812,4
6813,4
6814,4
6815,4
6816,4
6817,4
6818,4
6819,4
6820,4
6821,4
6822,4
6823,4
6824,4
6825,4
6826,4
6827,4
6828,4
6829,3
6830,3
6831,3
6832,3
6833,3
6834,3
6835,3
6836,3
6837,3
6838,3
6839,3
6840,3
6841,3
6842,3
6843,3
6844,3
6845,3
6846,3
6847,3
6848,3
6849,3
6850,3
6851,3
6852,3
6853,3
6854,3
6855,3
6856,3
6857,4
6858,4
6859,4
6860,4
6861,4
6862,4
6863,4
6864,4
6865,4
6866,4
6867,4
6868,4
6869,4
6870,4
6871,4
6872,4
6873,4
6874,4
6875,4
6876,4
6877,4
6878,4
6879,4
6880,4
6881,4
6882,4
6883,4
6884,4
6885,4
6886,4
6887,4
6888,4
6889,4
6890,4
6891,4
6892,4
6893,4
6894,4
6895,4
6896,3
6897,3
6898,3
6899,3
6900,3
6901,3
6902,3
6903,3
6904,3
6905,3
6906,3
6907,3
6908,3
6909,3
6910,3
6911,3
6912,3
6913,3
6914,3
6915,3
6916,3
6917,3
6918,3
6919,3
6920,3
6921,3
6922,3
6923,3
6924,3
6925,3
6926,3
6927,3
6928,3
6929,3
6930,3
6931,3
6932,3
6933,3
6934,3
6935,3
6936,3
6937,3
6938,3
6939,3
6940,6
6941,6
6942,6
6943,6
6944,6
6945,6
6946,6
6947,6
6948,6
6949,6
6950,6
6951,6
6952,6
6953,4
6954,4
6955,4
6956,4
6957,4
6958,4
6959,4
6960,4
6961,4
6962,4
6963,4
6964,4
6965,4
6966,4
6967,4
6968,4
6969,4
6970,4
6971,4
6972,4
6973,4
6974,4
6975,4
6976,4
6977,4
6978,4
6979,4
6980,4
6981,4
6982,4
6983,4
6984,4
6985,4
6986,4
6987,4
6988,4
6989,4
6990,4
6991,4
6992,4
6993,4
6994,4
6995,4
6996,4
6997,4
6998,4
6999,4
7000,4
7001,4
7002,4
7003,4
7004,4
7005,4
7006,4
7007,4
7008,4
7009,4
7010,4
7011,3
7012,3
7013,3
7014,3
7015,4
7016,4
7017,4
7018,4
7019,4
7020,4
7021,4
7022,4
7023,4
7024,4
7025,4
7026,4
7027,3
7028,3
7029,3
7030,3
7031,3
7032,3
7033,3
7034,3
7035,3
7036,3
7037,3
7038,3
7039,3
7040,3
7041,3
7042,3
7043,3
7044,3
7045,3
7046,5
7047,5
7048,5
7049,5
7050,5
7051,5
7052,5
7053,5
7054,5
7055,5
7056,5
7057,5
7058,3
7059,3
7060,3
7061,3
7062,3
7063,5
7064,5
7065,5
7066,5
7067,5
7068,5
7069,5
7070,5
7071,5
7072,5
7073,5
7074,5
7075,5
7076,5
7077,5
7078,5
7079,5
7080,5
7081,3
7082,3
7083,3
7084,3
7085,3
7086,3
7087,3
7088,5
7089,5
7090,5
7091,5
7092,5
7093,5
7094,5
7095,5
7096,5
7097,5
7098,5
7099,5
7100,5
7101,5
7102,5
7103,5
7104,5
7105,5
7106,5
7107,5
7108,5
7109,5
7110,5
7111,5
7112,5
7113,5
7114,5
7115,3
7116,3
7117,3
7118,3
7119,3
7120,3
7121,3
7122,4
7123,4
7124,4
7125,4
7126,4
7127,4
7128,4
7129,4
7130,4
7131,4
7132,4
7133,4
7134,4
7135,4
7136,4
7137,4
7138,4
7139,4
7140,4
7141,4
7142,4
7143,4
7144,4
7145,4
7146,4
7147,4
7148,4
7149,4
7150,4
7151,4
7152,4
7153,4
7154,4
7155,4
7156,4
7157,4
7158,4
7159,4
7160,4
7161,4
7162,4
7163,4
7164,4
7165,4
7166,4
7167,4
7168,4
7169,4
7170,4
7171,4
7172,4
7173,4
7174,4
7175,4
7176,4
7177,4
7178,4
7179,4
7180,4
7181,4
7182,4
7183,4
7184,3
7185,3
7186,3
7187,3
7188,3
7189,3
7190,4
7191,4
7192,4
7193,4
7194,4
7195,4
7196,2
7197,2
7198,2
7199,2
7200,2
7201,2
7202,2
7203,2
7204,2
7205,2
7206,2
7207,2
7208,2
7209,2
7210,2
7211,2
7212,2
7213,2
7214,2
7215,2
7216,2
7217,2
7218,2
7219,2
7220,2
7221,2
7222,6
7223,6
7224,6
7225,6
7226,6
7227,6
7228,6
7229,6
7230,6
7231,6
7232,6
7233,6
7234,5
7235,5
7236,5
7237,5
7238,5
7239,5
7240,6
7241,6
7242,6
7243,6
7244,6
7245,6
7246,6
7247,6
7248,6
7249,6
7250,6
7251,6
7252,6
7253,6
7254,6
7255,6
7256,6
7257,6
7258,6
7259,6
7260,6
7261,6
7262,6
7263,6
7264,6
7265,6
7266,6
7267,6
7268,3
7269,3
7270,3
7271,3
7272,3
7273,3
7274,3
7275,3
7276,3
7277,3
7278,3
7279,3
7280,3
7281,3
7282,3
7283,3
7284,3
7285,3
7286,3
7287,3
7288,3
7289,3
7290,3
7291,3
7292,3
7293,3
7294,3
7295,3
7296,4
7297,4
7298,4
7299,4
7300,4
7301,4
7302,4
7303,4
7304,4
7305,4
7306,4
7307,4
7308,4
7309,4
7310,4
7311,4
7312,4
7313,4
7314,4
7315,4
7316,4
7317,4
7318,4
7319,4
7320,4
7321,4
7322,4
7323,4
7324,4
7325,4
7326,4
7327,4
7328,4
7329,4
7330,4
7331,4
7332,4
7333,4
7334,4
7335,4
7336,4
7337,4
7338,4
7339,4
7340,4
7341,4
7342,4
7343,4
7344,4
7345,4
7346,4
7347,4
7348,4
7349,4
7350,4
7351,4
7352,4
7353,4
7354,3
7355,3
7356,3
7357,3
7358,3
7359,3
7360,3
7361,3
7362,3
7363,3
7364,3
7365,3
7366,3
7367,3
7368,3
7369,3
7370,3
7371,3
7372,3
7373,3
7374,3
7375,3
7376,3
7377,3
7378,3
7379,3
7380,3
7381,3
7382,3
7383,3
7384,7
7385,7
7386,7
7387,7
7388,7
7389,7
7390,7
7391,7
7392,7
7393,7
7394,7
7395,7
7396,7
7397,7
7398,7
7399,7
7400,7
7401,7
7402,7
7403,7
7404,7
7405,7
7406,7
7407,7
7408,7
7409,7
7410,7
7411,7
7412,7
7413,7
7414,7
7415,7
7416,7
7417,7
7418,7
7419,7
7420,7
7421,7
7422,7
7423,7
7424,7
7425,7
7426,7
7427,7
7428,7
7429,7
7430,7
7431,7
7432,7
7433,7
7434,7
7435,7
7436,7
7437,7
7438,7
7439,7
7440,7
7441,7
7442,7
7443,7
7444,7
7445,7
7446,7
7447,7
7448,7
7449,7
7450,7
7451,7
7452,7
7453,7
7454,7
7455,7
7456,7
7457,7
7458,7
7459,7
7460,7
7461,7
7462,7
7463,7
7464,7
7465,7
7466,7
7467,7
7468,7
7469,7
7470,7
7471,7
7472,7
7473,7
7474,7
7475,7
7476,7
7477,7
7478,7
7479,7
7480,7
7481,7
7482,7
7483,7
7484,7
7485,4
7486,4
7487,4
7488,4
7489,4
7490,4
7491,4
7492,4
7493,4
7494,4
7495,4
7496,4
7497,4
7498,4
7499,4
7500,4
7501,4
7502,4
7503,4
7504,4
7505,4
7506,4
7507,4
7508,4
7509,4
7510,4
7511,4
7512,4
7513,4
7514,4
7515,4
7516,4
7517,4
7518,4
7519,4
7520,4
7521,4
7522,4
7523,4
7524,4
7525,4
7526,4
7527,4
7528,4
7529,4
7530,4
7531,4
7532,4
7533,4
7534,4
7535,4
7536,4
7537,4
7538,4
7539,4
7540,4
7541,4
7542,4
7543,4
7544,4
7545,4
7546,4
7547,4
7548,4
7549,4
7550,4
7551,4
7552,4
7553,4
7554,4
7555,4
7556,4
7557,4
7558,4
7559,4
7560,4
7561,4
7562,4
7563,4
7564,4
7565,4
7566,4
7567,4
7568,4
7569,4
7570,4
7571,4
7572,4
7573,4
7574,4
7575,4
7576,4
7577,4
7578,4
7579,4
7580,4
7581,4
7582,4
7583,4
7584,4
7585,4
7586,4
7587,4
7588,4
7589,4
7590,4
7591,4
7592,4
7593,4
7594,4
7595,4
7596,4
7597,4
7598,4
7599,4
7600,4
7601,4
7602,4
7603,4
7604,4
7605,4
7606,4
7607,4
7608,4
7609,4
7610,4
7611,4
7612,4
7613,4
7614,4
7615,4
7616,4
7617,4
7618,4
7619,4
7620,4
7621,4
7622,4
7623,4
7624,6
7625,6
7626,6
7627,6
7628,6
7629,6
7630,6
7631,6
7632,6
7633,6
7634,6
7635,6
7636,6
7637,6
7638,6
7639,6
7640,3
7641,3
7642,3
7643,3
7644,3
7645,3
7646,6
7647,6
7648,6
7649,6
7650,6
7651,6
7652,6
7653,6
7654,6
7655,6
7656,6
7657,6
7658,6
7659,6
7660,3
7661,3
7662,3
7663,3
7664,3
7665,3
7666,3
7667,3
7668,3
7669,3
7670,3
7671,3
7672,3
7673,3
7674,3
7675,3
7676,6
7677,6
7678,6
7679,6
7680,6
7681,6
7682,6
7683,6
7684,6
7685,6
7686,6
7687,6
7688,3
7689,3
7690,3
7691,3
7692,3
7693,3
7694,3
7695,3
7696,6
7697,6
7698,6
7699,6
7700,6
7701,6
7702,6
7703,6
7704,4
7705,4
7706,4
7707,4
7708,4
7709,4
7710,4
7711,4
7712,4
7713,4
7714,4
7715,4
7716,4
7717,4
7718,4
7719,4
7720,4
7721,4
7722,4
7723,4
7724,4
7725,4
7726,4
7727,4
7728,4
7729,4
7730,4
7731,4
7732,4
7733,4
7734,4
7735,4
7736,6
7737,6
7738,6
7739,6
7740,6
7741,6
7742,6
7743,6
7744,3
7745,3
7746,3
7747,3
7748,3
7749,3
7750,3
7751,2
7752,2
7753,2
7754,2
7755,2
7756,2
7757,2
7758,2
7759,2
7760,2
7761,2
7762,2
7763,2
7764,2
7765,2
7766,2
7767,6
7768,6
7769,6
7770,6
7771,6
7772,6
7773,6
7774,6
7775,6
7776,6
7777,6
7778,6
7779,6
7780,6
7781,6
7782,6
7783,6
7784,2
7785,2
7786,2
7787,2
7788,2
7789,2
7790,2
7791,2
7792,2
7793,2
7794,2
7795,2
7796,2
7797,6
7798,6
7799,6
7800,6
7801,6
7802,6
7803,6
7804,6
7805,6
7806,6
7807,6
7808,6
7809,6
7810,6
7811,6
7812,6
7813,6
7814,6
7815,6
7816,6
7817,6
7818,6
7819,6
7820,6
7821,6
7822,6
7823,6
7824,6
7825,6
7826,6
7827,6
7828,6
7829,6
7830,6
7831,6
7832,6
7833,6
7834,6
7835,6
7836,6
7837,6
7838,6
7839,6
7840,6
7841,6
7842,6
7843,6
7844,6
7845,6
7846,6
7847,6
7848,6
7849,6
7850,3
7851,3
7852,3
7853,3
7854,3
7855,3
7856,3
7857,3
7858,3
7859,3
7860,3
7861,4
7862,4
7863,4
7864,4
7865,4
7866,4
7867,4
7868,4
7869,4
7870,4
7871,4
7872,4
7873,4
7874,4
7875,4
7876,4
7877,4
7878,4
7879,4
7880,4
7881,4
7882,4
7883,4
7884,4
7885,3
7886,3
7887,3
7888,3
7889,3
7890,4
7891,4
7892,4
7893,4
7894,4
7895,4
7896,4
7897,4
7898,4
7899,4
7900,4
7901,4
7902,4
7903,4
7904,4
7905,4
7906,4
7907,4
7908,4
7909,4
7910,4
7911,4
7912,4
7913,4
7914,4
7915,4
7916,4
7917,4
7918,4
7919,4
7920,4
7921,4
7922,4
7923,4
7924,4
7925,4
7926,4
7927,4
7928,4
7929,4
7930,4
7931,4
7932,4
7933,4
7934,4
7935,4
7936,4
7937,4
7938,4
7939,4
7940,4
7941,4
7942,4
7943,4
7944,4
7945,4
7946,4
7947,4
7948,4
7949,4
7950,4
7951,4
7952,4
7953,4
7954,4
7955,4
7956,4
7957,4
7958,4
7959,4
7960,4
7961,4
7962,4
7963,4
7964,4
7965,4
7966,4
7967,4
7968,4
7969,4
7970,4
7971,4
7972,4
7973,4
7974,4
7975,4
7976,4
7977,4
7978,4
7979,4
7980,4
7981,4
7982,4
7983,4
7984,4
7985,4
7986,4
7987,4
7988,4
7989,4
7990,4
7991,4
7992,4
7993,4
7994,4
7995,4
7996,4
7997,4
7998,4
7999,4
8000,4
8001,4
8002,4
8003,4
8004,4
8005,4
8006,4
8007,4
8008,4
8009,4
8010,4
8011,4
8012,4
8013,4
8014,4
8015,4
8016,4
8017,4
8018,4
8019,4
8020,4
8021,4
8022,4
8023,4
8024,4
8025,4
8026,4
8027,4
8028,4
8029,4
8030,4
8031,4
8032,4
8033,4
8034,4
8035,4
8036,4
8037,4
8038,4
8039,4
8040,4
8041,4
8042,4
8043,4
8044,4
8045,4
8046,4
8047,4
8048,4
8049,4
8050,4
8051,4
8052,4
8053,4
8054,4
8055,4
8056,4
8057,4
8058,4
8059,4
8060,4
8061,4
8062,4
8063,4
8064,4
8065,4
8066,4
8067,4
8068,4
8069,4
8070,4
8071,4
8072,4
8073,4
8074,4
8075,4
8076,4
8077,4
8078,4
8079,4
8080,4
8081,4
8082,4
8083,4
8084,4
8085,3
8086,3
8087,3
8088,3
8089,3
8090,3
8091,3
8092,3
8093,3
8094,3
8095,3
8096,3
8097,3
8098,3
8099,3
8100,3
8101,3
8102,3
8103,3
8104,3
8105,3
8106,3
8107,6
8108,6
8109,6
8110,6
8111,6
8112,6
8113,6
8114,6
8115,6
8116,6
8117,6
8118,6
8119,6
8120,6
8121,6
8122,6
8123,3
8124,3
8125,3
8126,3
8127,3
8128,3
8129,3
8130,3
8131,3
8132,3
8133,4
8134,4
8135,4
8136,4
8137,4
8138,4
8139,4
8140,4
8141,4
8142,4
8143,4
8144,4
8145,4
8146,4
8147,4
8148,4
8149,4
8150,4
8151,4
8152,4
8153,4
8154,4
8155,4
8156,4
8157,4
8158,4
8159,4
8160,4
8161,4
8162,4
8163,4
8164,4
8165,4
8166,4
8167,4
8168,4
8169,4
8170,4
8171,4
8172,4
8173,4
8174,4
8175,4
8176,4
8177,4
8178,4
8179,4
8180,4
8181,4
8182,4
8183,4
8184,4
8185,4
8186,4
8187,4
8188,4
8189,4
8190,4
8191,4
8192,4
8193,4
8194,4
8195,4
8196,4
8197,4
8198,4
8199,4
8200,4
8201,4
8202,4
8203,4
8204,4
8205,4
8206,4
8207,4
8208,4
8209,4
8210,4
8211,4
8212,4
8213,4
8214,4
8215,4
8216,4
8217,4
8218,4
8219,4
8220,4
8221,4
8222,4
8223,4
8224,4
8225,4
8226,4
8227,4
8228,4
8229,4
8230,4
8231,4
8232,4
8233,4
8234,4
8235,4
8236,4
8237,4
8238,4
8239,4
8240,4
8241,4
8242,4
8243,4
8244,4
8245,4
8246,4
8247,4
8248,4
8249,4
8250,4
8251,4
8252,4
8253,4
8254,4
8255,4
8256,4
8257,4
8258,4
8259,4
8260,4
8261,4
8262,4
8263,4
8264,4
8265,4
8266,4
8267,4
8268,4
8269,4
8270,4
8271,4
8272,4
8273,4
8274,4
8275,4
8276,4
8277,4
8278,4
8279,4
8280,4
8281,4
8282,4
8283,4
8284,4
8285,4
8286,4
8287,4
8288,4
8289,4
8290,4
8291,4
8292,4
8293,4
8294,4
8295,4
8296,4
8297,4
8298,4
8299,4
8300,4
8301,4
8302,4
8303,4
8304,4
8305,4
8306,4
8307,4
8308,4
8309,4
8310,4
8311,4
8312,4
8313,4
8314,4
8315,4
8316,4
8317,4
8318,4
8319,4
8320,4
8321,4
8322,4
8323,4
8324,4
8325,4
8326,4
8327,4
8328,4
8329,4
8330,4
8331,4
8332,4
8333,4
8334,4
8335,4
8336,4
8337,4
8338,4
8339,4
8340,4
8341,4
8342,4
8343,4
8344,4
8345,4
8346,4
8347,4
8348,4
8349,4
8350,4
8351,4
8352,4
8353,4
8354,4
8355,4
8356,4
8357,4
8358,4
8359,4
8360,4
8361,4
8362,4
8363,4
8364,4
8365,4
8366,4
8367,4
8368,4
8369,4
8370,4
8371,4
8372,4
8373,4
8374,4
8375,4
8376,4
8377,4
8378,4
8379,4
8380,4
8381,4
8382,4
8383,4
8384,4
8385,4
8386,4
8387,4
8388,4
8389,4
8390,4
8391,4
8392,4
8393,4
8394,4
8395,4
8396,4
8397,4
8398,4
8399,4
8400,4
8401,4
8402,4
8403,4
8404,4
8405,4
8406,4
8407,4
8408,4
8409,4
8410,4
8411,4
8412,4
8413,4
8414,4
8415,4
8416,4
8417,4
8418,4
8419,4
8420,4
8421,4
8422,4
8423,4
8424,4
8425,4
8426,4
8427,4
8428,4
8429,4
8430,4
8431,4
8432,4
8433,4
8434,4
8435,4
8436,4
8437,4
8438,4
8439,4
8440,4
8441,4
8442,4
8443,4
8444,4
8445,4
8446,4
8447,4
8448,4
8449,4
8450,4
8451,4
8452,4
8453,4
8454,4
8455,4
8456,4
8457,4
8458,4
8459,4
8460,4
8461,4
8462,4
8463,4
8464,4
8465,4
8466,4
8467,4
8468,4
8469,4
8470,4
8471,4
8472,4
8473,4
8474,4
8475,4
8476,4
8477,4
8478,4
8479,4
8480,4
8481,4
8482,4
8483,4
8484,4
8485,4
8486,4
8487,4
8488,4
8489,4
8490,4
8491,4
8492,4
8493,4
8494,6
8495,6
8496,6
8497,6
8498,6
8499,6
8500,6
8501,6
8502,6
8503,6
8504,6
8505,6
8506,6
8507,6
8508,6
8509,6
8510,6
8511,6
8512,6
8513,6
8514,6
8515,6
8516,6
8517,6
8518,6
8519,6
8520,6
8521,6
8522,6
8523,6
8524,6
8525,6
8526,6
8527,6
8528,6
8529,6
8530,6
8531,6
8532,6
8533,6
8534,6
8535,4
8536,4
8537,4
8538,4
8539,4
8540,4
8541,4
8542,4
8543,4
8544,4
8545,4
8546,4
8547,4
8548,4
8549,4
8550,4
8551,4
8552,4
8553,4
8554,4
8555,4
8556,4
8557,4
8558,4
8559,4
8560,4
8561,4
8562,4
8563,4
8564,4
8565,4
8566,4
8567,4
8568,4
8569,4
8570,4
8571,4
8572,4
8573,4
8574,4
8575,4
8576,4
8577,4
8578,4
8579,4
8580,4
8581,4
8582,4
8583,4
8584,4
8585,4
8586,4
8587,4
8588,4
8589,4
8590,4
8591,4
8592,4
8593,4
8594,4
8595,4
8596,4
8597,4
8598,4
8599,4
8600,4
8601,4
8602,4
8603,4
8604,4
8605,4
8606,4
8607,4
8608,4
8609,4
8610,4
8611,4
8612,4
8613,4
8614,4
8615,4
8616,4
8617,4
8618,4
8619,4
8620,4
8621,4
8622,4
8623,4
8624,4
8625,4
8626,4
8627,4
8628,4
8629,4
8630,4
8631,4
8632,4
8633,4
8634,4
8635,4
8636,4
8637,4
8638,4
8639,4
8640,4
8641,4
8642,4
8643,4
8644,4
8645,4
8646,4
8647,4
8648,4
8649,4
8650,4
8651,4
8652,4
8653,4
8654,4
8655,4
8656,4
8657,4
8658,4
8659,4
8660,4
8661,4
8662,4
8663,4
8664,4
8665,4
8666,4
8667,4
8668,4
8669,4
8670,4
8671,4
8672,4
8673,4
8674,4
8675,4
8676,4
8677,4
8678,4
8679,4
8680,4
8681,4
8682,4
8683,4
8684,4
8685,4
8686,4
8687,4
8688,4
8689,4
8690,4
8691,4
8692,4
8693,4
8694,4
8695,4
8696,4
8697,4
8698,4
8699,4
8700,4
8701,4
8702,4
8703,4
8704,4
8705,4
8706,4
8707,4
8708,4
8709,4
8710,4
8711,4
8712,4
8713,4
8714,4
8715,4
8716,4
8717,4
8718,4
8719,4
8720,4
8721,4
8722,4
8723,4
8724,4
8725,4
8726,4
8727,4
8728,4
8729,4
8730,4
8731,4
8732,4
8733,4
8734,4
8735,4
8736,4
8737,4
8738,4
8739,4
8740,4
8741,4
8742,4
8743,4
8744,4
8745,4
8746,4
8747,4
8748,4
8749,4
8750,4
8751,4
8752,4
8753,4
8754,4
8755,4
8756,4
8757,4
8758,4
8759,4
8760,4
8761,4
8762,4
8763,4
8764,4
8765,4
8766,4
8767,4
8768,4
8769,4
8770,6
8771,6
8772,6
8773,6
8774,6
8775,6
8776,6
8777,6
8778,6
8779,6
8780,6
8781,6
8782,6
8783,6
8784,6
8785,6
8786,6
8787,6
8788,6
8789,6
8790,6
8791,6
8792,6
8793,6
8794,6
8795,6
8796,6
8797,6
8798,6
8799,6
8800,6
8801,6
8802,6
8803,6
8804,6
8805,6
8806,6
8807,6
8808,6
8809,6
8810,6
8811,6
8812,6
8813,6
8814,6
8815,6
8816,6
8817,6
8818,6
8819,6
8820,6
8821,6
8822,6
8823,6
8824,6
8825,6
8826,6
8827,6
8828,6
8829,6
8830,6
8831,6
8832,6
8833,6
8834,6
8835,6
8836,6
8837,6
8838,6
8839,6
8840,6
8841,6
8842,6
8843,6
8844,6
8845,6
8846,6
8847,6
8848,6
8849,6
8850,6
8851,6
8852,6
8853,6
8854,6
8855,6
8856,6
8857,6
8858,6
8859,6
8860,6
8861,6
8862,6
8863,6
8864,6
8865,6
8866,6
8867,6
8868,6
8869,6
8870,6
8871,6
8872,6
8873,6
8874,6
8875,6
8876,6
8877,6
8878,6
8879,6
8880,6
8881,6
8882,6
8883,6
8884,6
8885,6
8886,6
8887,6
8888,6
8889,6
8890,6
8891,6
8892,6
8893,6
8894,6
8895,6
8896,6
8897,6
8898,6
8899,6
8900,6
8901,6
8902,6
8903,6
8904,6
8905,6
8906,6
8907,6
8908,6
8909,6
8910,6
8911,4
8912,4
8913,4
8914,4
8915,4
8916,4
8917,4
8918,4
8919,4
8920,4
8921,4
8922,4
8923,4
8924,4
8925,4
8926,4
8927,4
8928,4
8929,4
8930,4
8931,4
8932,4
8933,4
8934,4
8935,4
8936,4
8937,4
8938,4
8939,4
8940,4
8941,4
8942,4
8943,4
8944,4
8945,4
8946,4
8947,4
8948,4
8949,4
8950,4
8951,4
8952,4
8953,4
8954,4
8955,4
8956,4
8957,4
8958,4
8959,4
8960,4
8961,4
8962,4
8963,4
8964,4
8965,4
8966,4
8967,4
8968,4
8969,4
8970,4
8971,4
8972,4
8973,4
8974,4
8975,4
8976,4
8977,4
8978,4
8979,4
8980,4
8981,4
8982,4
8983,4
8984,4
8985,4
8986,4
8987,4
8988,4
8989,4
8990,4
8991,4
8992,4
8993,4
8994,4
8995,4
8996,4
8997,4
8998,4
8999,4
9000,4
9001,4
9002,4
9003,4
9004,2
9005,2
9006,4
9007,4
9008,4
9009,4
9010,4
9011,4
9012,4
9013,6
9014,6
9015,6
9016,6
9017,6
9018,6
9019,4
9020,4
9021,4
9022,4
9023,4
9024,4
9025,4
9026,4
9027,4
9028,4
9029,4
9030,4
9031,4
9032,4
9033,4
9034,4
9035,4
9036,4
9037,4
9038,4
9039,4
9040,4
9041,4
9042,4
9043,4
9044,4
9045,4
9046,4
9047,4
9048,4
9049,4
9050,4
9051,4
9052,4
9053,4
9054,4
9055,4
9056,6
9057,6
9058,6
9059,6
9060,6
9061,4
9062,4
9063,4
9064,4
9065,4
9066,4
9067,4
9068,4
9069,4
9070,4
9071,4
9072,4
9073,4
9074,4
9075,4
9076,4
9077,4
9078,4
9079,4
9080,4
9081,4
9082,4
9083,4
9084,4
9085,4
9086,4
9087,4
9088,4
9089,4
9090,4
9091,4
9092,4
9093,4
9094,4
9095,4
9096,4
9097,4
9098,4
9099,4
9100,4
9101,4
9102,4
9103,4
9104,4
9105,4
9106,4
9107,4
9108,4
9109,4
9110,4
9111,4
9112,4
9113,4
9114,6
9115,6
9116,6
9117,6
9118,6
9119,6
9120,6
9121,6
9122,6
9123,6
9124,6
9125,6
9126,6
9127,4
9128,4
9129,2
9130,4
9131,4
9132,4
9133,4
9134,4
9135,4
9136,4
9137,4
9138,4
9139,4
9140,4
9141,4
9142,4
9143,4
9144,4
9145,4
9146,4
9147,4
9148,4
9149,4
9150,4
9151,4
9152,4
9153,4
9154,4
9155,4
9156,4
9157,4
9158,4
9159,4
9160,4
9161,4
9162,4
9163,4
9164,4
9165,4
9166,4
9167,4
9168,4
9169,4
9170,4
9171,4
9172,4
9173,4
9174,4
9175,4
9176,4
9177,4
9178,4
9179,4
9180,4
9181,4
9182,4
9183,4
9184,4
9185,4
9186,4
9187,4
9188,4
9189,4
9190,4
9191,4
9192,4
9193,4
9194,4
9195,4
9196,4
9197,4
9198,4
9199,4
9200,4
9201,4
9202,4
9203,4
9204,4
9205,4
9206,4
9207,4
9208,4
9209,4
9210,4
9211,4
9212,4
9213,4
9214,4
9215,4
9216,4
9217,4
9218,4
9219,4
9220,4
9221,4
9222,4
9223,4
9224,4
9225,4
9226,4
9227,4
9228,4
9229,4
9230,4
9231,4
9232,4
9233,4
9234,4
9235,4
9236,4
9237,4
9238,4
9239,4
9240,4
9241,4
9242,4
9243,3
9244,3
9245,3
9246,3
9247,3
9248,3
9249,3
9250,3
9251,3
9252,3
9253,3
9254,3
9255,5
9256,5
9257,5
9258,5
9259,5
9260,5
9261,5
9262,5
9263,5
9264,3
9265,3
9266,3
9267,3
9268,3
9269,3
9270,3
9271,3
9272,3
9273,3
9274,3
9275,3
9276,3
9277,3
9278,4
9279,4
9280,4
9281,4
9282,4
9283,4
9284,4
9285,4
9286,4
9287,4
9288,4
9289,4
9290,4
9291,4
9292,4
9293,4
9294,4
9295,4
9296,4
9297,4
9298,4
9299,4
9300,2
9301,2
9302,2
9303,2
9304,2
9305,2
9306,2
9307,2
9308,2
9309,2
9310,2
9311,2
9312,2
9313,2
9314,2
9315,2
9316,2
9317,2
9318,6
9319,6
9320,3
9321,3
9322,3
9323,3
9324,3
9325,3
9326,3
9327,3
9328,3
9329,3
9330,3
9331,4
9332,4
9333,4
9334,4
9335,4
9336,4
9337,4
9338,4
9339,4
9340,4
9341,4
9342,6
9343,6
9344,4
9345,4
9346,4
9347,4
9348,4
9349,4
9350,4
9351,4
9352,4
9353,4
9354,6
9355,6
9356,6
9357,6
9358,6
9359,6
9360,6
9361,6
9362,4
9363,4
9364,4
9365,4
9366,4
9367,4
9368,4
9369,4
9370,4
9371,4
9372,4
9373,4
9374,4
9375,4
9376,4
9377,4
9378,4
9379,4
9380,4
9381,4
9382,4
9383,4
9384,4
9385,4
9386,4
9387,4
9388,4
9389,4
9390,4
9391,4
9392,4
9393,4
9394,4
9395,4
9396,4
9397,4
9398,4
9399,4
9400,4
9401,4
9402,4
9403,4
9404,4
9405,4
9406,4
9407,4
9408,4
9409,4
9410,4
9411,4
9412,4
9413,4
9414,4
9415,4
9416,4
9417,4
9418,4
9419,4
9420,4
9421,4
9422,4
9423,4
9424,4
9425,4
9426,4
9427,4
9428,4
9429,5
9430,5
9431,5
9432,5
9433,5
9434,5
9435,5
9436,5
9437,5
9438,5
9439,5
9440,5
9441,5
9442,5
9443,5
9444,5
9445,5
9446,5
9447,5
9448,5
9449,5
9450,5
9451,2
9452,2
9453,2
9454,2
9455,2
9456,2
9457,2
9458,2
9459,2
9460,2
9461,2
9462,2
9463,2
9464,2
9465,2
9466,5
9467,5
9468,5
9469,5
9470,5
9471,5
9472,5
9473,5
9474,5
9475,5
9476,5
9477,5
9478,5
9479,5
9480,5
9481,5
9482,6
9483,6
9484,6
9485,6
9486,6
9487,6
9488,6
9489,6
9490,6
9491,6
9492,6
9493,6
9494,6
9495,6
9496,6
9497,6
9498,6
9499,6
9500,6
9501,6
9502,6
9503,6
9504,6
9505,6
9506,6
9507,6
9508,6
9509,6
9510,6
9511,6
9512,6
9513,6
9514,6
9515,6
9516,6
9517,6
9518,6
9519,6
9520,6
9521,6
9522,6
9523,6
9524,6
9525,6
9526,6
9527,6
9528,6
9529,6
9530,6
9531,6
9532,6
9533,6
9534,6
9535,6
9536,6
9537,6
9538,6
9539,6
9540,6
9541,6
9542,6
9543,6
9544,6
9545,6
9546,6
9547,6
9548,6
9549,6
9550,6
9551,6
9552,6
9553,6
9554,6
9555,6
9556,6
9557,6
9558,6
9559,6
9560,6
9561,2
9562,2
9563,2
9564,2
9565,2
9566,2
9567,2
9568,2
9569,2
9570,2
9571,5
9572,5
9573,5
9574,5
9575,5
9576,5
9577,5
9578,5
9579,5
9580,5
9581,5
9582,5
9583,5
9584,5
9585,5
9586,5
9587,5
9588,5
9589,5
9590,5
9591,5
9592,5
9593,5
9594,5
9595,5
9596,5
9597,5
9598,5
9599,5
9600,5
9601,5
9602,5
9603,5
9604,5
9605,5
9606,5
9607,5
9608,5
9609,5
9610,5
9611,5
9612,5
9613,5
9614,5
9615,5
9616,5
9617,5
9618,5
9619,5
9620,5
9621,5
9622,5
9623,5
9624,5
9625,5
9626,5
9627,5
9628,5
9629,5
9630,5
9631,5
9632,5
9633,5
9634,5
9635,3
9636,3
9637,3
9638,3
9639,3
9640,3
9641,3
9642,3
9643,3
9644,3
9645,3
9646,4
9647,4
9648,4
9649,4
9650,4
9651,4
9652,4
9653,4
9654,4
9655,4
9656,4
9657,4
9658,4
9659,4
9660,4
9661,4
9662,4
9663,4
9664,4
9665,4
9666,4
9667,4
9668,4
9669,4
9670,4
9671,4
9672,4
9673,4
9674,4
9675,4
9676,4
9677,4
9678,4
9679,4
9680,4
9681,4
9682,4
9683,4
9684,4
9685,4
9686,4
9687,4
9688,4
9689,4
9690,4
9691,4
9692,4
9693,4
9694,4
9695,4
9696,4
9697,4
9698,4
9699,4
9700,4
9701,4
9702,4
9703,4
9704,4
9705,4
9706,4
9707,4
9708,4
9709,4
9710,4
9711,4
9712,4
9713,4
9714,4
9715,4
9716,4
9717,4
9718,4
9719,4
9720,4
9721,4
9722,4
9723,4
9724,4
9725,4
9726,4
9727,5
9728,5
9729,5
9730,5
9731,5
9732,5
9733,5
9734,5
9735,5
9736,5
9737,5
9738,5
9739,5
9740,5
9741,5
9742,5
9743,5
9744,5
9745,5
9746,5
9747,5
9748,5
9749,5
9750,5
9751,5
9752,5
9753,5
9754,5
9755,5
9756,5
9757,5
9758,5
9759,5
9760,5
9761,5
9762,5
9763,5
9764,5
9765,5
9766,5
9767,5
9768,5
9769,5
9770,5
9771,5
9772,5
9773,5
9774,5
9775,5
9776,5
9777,5
9778,5
9779,5
9780,5
9781,5
9782,5
9783,2
9784,2
9785,2
9786,2
9787,2
9788,2
9789,2
9790,2
9791,2
9792,2
9793,2
9794,2
9795,2
9796,2
9797,2
9798,2
9799,2
9800,2
9801,2
9802,2
9803,2
9804,2
9805,2
9806,2
9807,2
9808,2
9809,2
9810,2
9811,2
9812,2
9813,2
9814,2
9815,3
9816,3
9817,3
9818,3
9819,3
9820,3
9821,4
9822,4
9823,4
9824,4
9825,4
9826,4
9827,4
9828,4
9829,4
9830,4
9831,4
9832,4
9833,4
9834,3
9835,3
9836,3
9837,3
9838,3
9839,3
9840,3
9841,3
9842,3
9843,3
9844,3
9845,3
9846,3
9847,3
9848,3
9849,3
9850,3
9851,3
9852,3
9853,3
9854,3
9855,3
9856,3
9857,3
9858,3
9859,3
9860,3
9861,3
9862,3
9863,3
9864,3
9865,4
9866,4
9867,4
9868,4
9869,4
9870,4
9871,4
9872,4
9873,4
9874,4
9875,4
9876,4
9877,4
9878,4
9879,4
9880,4
9881,4
9882,4
9883,4
9884,4
9885,4
9886,4
9887,4
9888,4
9889,4
9890,4
9891,4
9892,4
9893,4
9894,4
9895,4
9896,4
9897,4
9898,4
9899,4
9900,4
9901,4
9902,4
9903,4
9904,4
9905,4
9906,4
9907,4
9908,4
9909,4
9910,4
9911,4
9912,4
9913,4
9914,4
9915,4
9916,4
9917,4
9918,4
9919,4
9920,4
9921,4
9922,4
9923,4
9924,4
9925,4
9926,4
9927,4
9928,4
9929,4
9930,4
9931,4
9932,4
9933,4
9934,4
9935,4
9936,4
9937,4
9938,4
9939,4
9940,4
9941,4
9942,4
9943,4
9944,4
9945,4
9946,4
9947,4
9948,4
9949,4
9950,4
9951,4
9952,4
9953,4
9954,4
9955,4
9956,4
9957,4
9958,4
9959,4
9960,4
9961,4
9962,4
9963,4
9964,4
9965,4
9966,4
9967,4
9968,4
9969,4
9970,4
9971,4
9972,4
9973,4
9974,4
9975,4
9976,4
9977,4
9978,4
9979,4
9980,4
9981,4
9982,4
9983,4
9984,4
9985,4
9986,4
9987,4
9988,4
9989,4
9990,4
9991,4
9992,4
9993,4
9994,4
9995,4
9996,4
9997,4
9998,4
9999,4
10000,4
10001,4
10002,4
10003,4
10004,4
10005,4
10006,4
10007,4
10008,4
10009,4
10010,4
10011,4
10012,4
10013,4
10014,4
10015,4
10016,4
10017,4
10018,4
10019,4
10020,4
10021,4
10022,4
10023,4
10024,4
10025,4
10026,4
10027,4
10028,4
10029,4
10030,4
10031,4
10032,4
10033,4
10034,4
10035,4
10036,4
10037,4
10038,4
10039,4
10040,4
10041,4
10042,4
10043,4
10044,4
10045,4
10046,4
10047,4
10048,4
10049,4
10050,4
10051,4
10052,4
10053,4
10054,4
10055,4
10056,4
10057,4
10058,4
10059,4
10060,4
10061,4
10062,4
10063,4
10064,4
10065,4
10066,4
10067,4
10068,4
10069,4
10070,4
10071,4
10072,4
10073,4
10074,4
10075,4
10076,4
10077,4
10078,4
10079,4
10080,4
10081,4
10082,4
10083,4
10084,4
10085,4
10086,4
10087,4
10088,4
10089,4
10090,4
10091,4
10092,4
10093,4
10094,4
10095,4
10096,4
10097,4
10098,4
10099,4
10100,4
10101,4
10102,4
10103,4
10104,4
10105,4
10106,4
10107,4
10108,4
10109,4
10110,4
10111,4
10112,4
10113,4
10114,4
10115,3
10116,3
10117,3
10118,3
10119,3
10120,3
10121,3
10122,3
10123,3
10124,3
10125,3
10126,3
10127,3
10128,3
10129,3
10130,3
10131,3
10132,3
10133,3
10134,3
10135,4
10136,4
10137,4
10138,4
10139,4
10140,4
10141,4
10142,4
10143,4
10144,4
10145,4
10146,4
10147,4
10148,4
10149,4
10150,4
10151,4
10152,4
10153,4
10154,4
10155,4
10156,4
10157,4
10158,4
10159,4
10160,4
10161,4
10162,4
10163,4
10164,4
10165,4
10166,4
10167,4
10168,4
10169,4
10170,4
10171,4
10172,4
10173,4
10174,4
10175,4
10176,4
10177,4
10178,4
10179,4
10180,4
10181,4
10182,4
10183,4
10184,4
10185,4
10186,4
10187,4
10188,4
10189,4
10190,4
10191,4
10192,4
10193,4
10194,4
10195,4
10196,4
10197,4
10198,4
10199,4
10200,4
10201,4
10202,4
10203,4
10204,3
10205,3
10206,3
10207,3
10208,3
10209,4
10210,4
10211,4
10212,4
10213,4
10214,4
10215,4
10216,4
10217,4
10218,4
10219,4
10220,4
10221,4
10222,4
10223,4
10224,4
10225,4
10226,4
10227,4
10228,4
10229,4
10230,4
10231,4
10232,4
10233,4
10234,4
10235,4
10236,4
10237,4
10238,4
10239,4
10240,4
10241,4
10242,4
10243,4
10244,4
10245,4
10246,4
10247,4
10248,4
10249,4
10250,4
10251,4
10252,4
10253,4
10254,4
10255,4
10256,4
10257,4
10258,4
10259,4
10260,4
10261,4
10262,4
10263,4
10264,4
10265,4
10266,4
10267,4
10268,4
10269,4
